restaurant_id,restaurant_name,restaurant_address,restaurant_postcode,premises_id,premises_name,premises_address,license_number,license_url,dps_name,license_holder,licensable_activities,opening_hours,activity_hours,conditions,validity_from,validity_to,match_confidence,match_reason,scraped_at
2,Knead Pizza Plymouth,"Prysten House, Finewell St, Plymouth, PL1 2AE",,324,Knead Pizza,"Prysten House, Finewell Street, Plymouth, Devon, PL1 2AE",PA0271,https://licensing.plymouth.gov.uk/1/LicensingActPremises/Search/324/Detail?LIC_ID=1629,,,['sale and supply of alcohol'],"[{'days': 'Monday to Saturday', 'time_from': '10:00', 'time_to': '23:00', 'non_standard': ''}, {'days': 'Sunday', 'time_from': '12:00', 'time_to': '20:30', 'non_standard': ''}, {'days': 'Non Standard Timings:', 'time_from': '', 'time_to': '', 'non_standard': ''}]",[],"{'mandatory': [], 'operational': [], 'post_hearing': [], 'cctv': []}",,,70.0,exact_name + strong_address,2025-11-21T10:16:08.135734
4,Rockfish Plymouth,"3 Rope Walk, Plymouth, PL4 0LB",,2396,Rockfish,"3 Rope Walk, Plymouth, Devon, PL4 0LB",PA0886,https://licensing.plymouth.gov.uk/1/LicensingActPremises/Search/2396/Detail?LIC_ID=11467,,,"['provision of late night refreshment', 'sale and supply of alcohol']","[{'days': 'Monday to Sunday', 'time_from': '10:00', 'time_to': '00:30', 'non_standard': ''}, {'days': 'Monday to Sunday', 'time_from': '23:00', 'time_to': '00:30', 'non_standard': ''}, {'days': 'Monday to Sunday', 'time_from': '10:00', 'time_to': '00:00', 'non_standard': ''}]",[],"{'mandatory': [], 'operational': [], 'post_hearing': [], 'cctv': []}",,,70.0,exact_name + strong_address,2025-11-21T11:22:55.669804
14,Miller & Carter Plymouth,"Sutton Wharf, PL4 0HJ",,819,Miller & Carter Plymouth,"Sutton Wharf, Coxside, Plymouth, Devon, PL4 0DW",PA0623,https://licensing.plymouth.gov.uk/1/LicensingActPremises/Search/819/Detail?LIC_ID=2225,,,"['provision of late night refreshment', 'sale and supply of alcohol', 'any playing of recorded music']","[{'days': 'Monday to Sunday', 'time_from': '09:00', 'time_to': '00:30', 'non_standard': ''}, {'days': 'Non Standard Timings:', 'time_from': '', 'time_to': '', 'non_standard': ''}, {'days': 'Monday to Sunday', 'time_from': '23:00', 'time_to': '00:00', 'non_standard': ''}, {'days': 'Non Standard Timings:', 'time_from': '', 'time_to': '', 'non_standard': ''}, {'days': 'Monday to Sunday', 'time_from': '10:00', 'time_to': '00:00', 'non_standard': ''}, {'days': 'Non Standard Timings:', 'time_from': '', 'time_to': '', 'non_standard': ''}]",[],"{'mandatory': [], 'operational': [], 'post_hearing': [], 'cctv': []}",,,65.0,exact_name + strong_address,2025-11-21T10:32:36.285691
46,Pizza Express Plymouth,"Pilgrims House, 17 Derry's Cross, Plymouth, PL1 2SW",,461,PizzaExpress,"17 - 19 Derry's Cross, Plymouth, Devon, PL1 2SW",PA0388,https://licensing.plymouth.gov.uk/1/LicensingActPremises/Search/461/Detail?LIC_ID=2074,,,"['a performance of live music', 'sale and supply of alcohol', 'any playing of recorded music', 'provision of late night refreshment']","[{'days': 'Monday to Sunday', 'time_from': '10:00', 'time_to': '01:00', 'non_standard': ''}, {'days': 'Non Standard Timings:', 'time_from': '', 'time_to': '', 'non_standard': ''}, {'days': 'Monday to Saturday', 'time_from': '11:00', 'time_to': '00:30', 'non_standard': ''}, {'days': 'Sunday', 'time_from': '12:00', 'time_to': '23:00', 'non_standard': ''}, {'days': 'Non Standard Timings:', 'time_from': '', 'time_to': '', 'non_standard': ''}, {'days': 'Monday to Saturday', 'time_from': '11:00', 'time_to': '00:30', 'non_standard': ''}, {'days': 'Sunday', 'time_from': '12:00', 'time_to': '23:00', 'non_standard': ''}, {'days': 'Non Standard Timings:', 'time_from': '', 'time_to': '', 'non_standard': ''}]",[],"{'mandatory': [], 'operational': [], 'post_hearing': [], 'cctv': []}",,,68.0,exact_name + strong_address,2025-11-21T10:56:06.408558
91,Nando's Plymouth,"Plymouth Barbican, Plymouth, UK",,1155,Nando's Restaurant,"Unit 1, Barbican Leisure Park, Plymouth, Devon, PL4 0LG",PA0679,https://licensing.plymouth.gov.uk/1/LicensingActPremises/Search/1155/Detail?LIC_ID=2579,,,"['any playing of recorded music', 'provision of late night refreshment', 'sale and supply of alcohol']","[{'days': 'Monday to Saturday', 'time_from': '11:00', 'time_to': '00:30', 'non_standard': ''}, {'days': 'Sunday', 'time_from': '12:00', 'time_to': '00:00', 'non_standard': ''}, {'days': 'Non Standard Timings:', 'time_from': '', 'time_to': '', 'non_standard': ''}, {'days': 'Monday to Saturday', 'time_from': '11:00', 'time_to': '00:30', 'non_standard': ''}, {'days': 'Sunday', 'time_from': '12:00', 'time_to': '00:00', 'non_standard': ''}, {'days': 'Non Standard Timings:', 'time_from': '', 'time_to': '', 'non_standard': ''}, {'days': 'Monday to Saturday', 'time_from': '23:00', 'time_to': '00:30', 'non_standard': ''}, {'days': 'Sunday', 'time_from': '23:00', 'time_to': '00:00', 'non_standard': ''}, {'days': 'Non Standard Timings:', 'time_from': '', 'time_to': '', 'non_standard': ''}, {'days': 'Monday to Saturday', 'time_from': '11:00', 'time_to': '00:00', 'non_standard': ''}, {'days': 'Sunday', 'time_from': '12:00', 'time_to': '23:30', 'non_standard': ''}, {'days': 'Non Standard Timings:', 'time_from': '', 'time_to': '', 'non_standard': ''}]",[],"{'mandatory': [], 'operational': [], 'post_hearing': [], 'cctv': []}",,,60.0,exact_name + good_address,2025-11-21T10:39:22.828048
125,Barbican Kitchen Bar,60 Southside Street Plymouth PL1 2LQ,,855,Barbican Kitchen,"Blackfriars Distillery, 60 Southside Street, Plymouth, Devon, PL1 2LQ",PA0683,https://licensing.plymouth.gov.uk/1/LicensingActPremises/Search/855/Detail?LIC_ID=2623,,,"['a performance of live music', 'any playing of recorded music', 'a performance of dance', 'provision of late night refreshment', 'sale and supply of alcohol']","[{'days': 'Monday to Thursday', 'time_from': '10:00', 'time_to': '00:00', 'non_standard': ''}, {'days': 'Friday and Saturday', 'time_from': '10:00', 'time_to': '02:00', 'non_standard': ''}, {'days': 'Sunday', 'time_from': '10:00', 'time_to': '00:00', 'non_standard': ''}, {'days': 'Monday to Thursday', 'time_from': '10:00', 'time_to': '23:00', 'non_standard': ''}, {'days': 'Friday and Saturday', 'time_from': '10:00', 'time_to': '01:00', 'non_standard': ''}, {'days': 'Sunday', 'time_from': '10:00', 'time_to': '23:00', 'non_standard': ''}, {'days': 'Monday to Thursday', 'time_from': '10:00', 'time_to': '00:00', 'non_standard': ''}, {'days': 'Friday and Saturday', 'time_from': '10:00', 'time_to': '01:30', 'non_standard': ''}, {'days': 'Sunday', 'time_from': '10:00', 'time_to': '00:00', 'non_standard': ''}, {'days': 'Monday to Thursday', 'time_from': '10:00', 'time_to': '23:00', 'non_standard': ''}, {'days': 'Friday and Saturday', 'time_from': '10:00', 'time_to': '01:00', 'non_standard': ''}, {'days': 'Sunday', 'time_from': '10:00', 'time_to': '23:00', 'non_standard': ''}, {'days': 'Monday to Thursday', 'time_from': '23:00', 'time_to': '23:30', 'non_standard': ''}, {'days': 'Friday and Saturday', 'time_from': '23:00', 'time_to': '01:30', 'non_standard': ''}, {'days': 'Sunday', 'time_from': '23:00', 'time_to': '23:30', 'non_standard': ''}, {'days': 'Monday to Thursday', 'time_from': '10:00', 'time_to': '23:30', 'non_standard': ''}, {'days': 'Friday and Saturday', 'time_from': '10:00', 'time_to': '01:30', 'non_standard': ''}, {'days': 'Sunday', 'time_from': '10:00', 'time_to': '23:30', 'non_standard': ''}]",[],"{'mandatory': [], 'operational': [], 'post_hearing': [], 'cctv': []}",,,64.44444444444444,similar_name + strong_address,2025-11-21T09:11:19.837277
214,Roundabout Plymouth,"2-4 Drake Circus, Plymouth, PL4 8AQ",,336,Roundabout,"2-4 Drake Circus, Plymouth, Devon, PL4 8AQ",PA0278,https://licensing.plymouth.gov.uk/1/LicensingActPremises/Search/336/Detail?LIC_ID=1916,,,"['an indoor sporting event', 'provision of late night refreshment', 'sale and supply of alcohol', 'an exhibition of a film', 'a performance of live music', 'any playing of recorded music', 'a performance of dance']","[{'days': 'Monday to Saturday', 'time_from': '08:00', 'time_to': '02:30', 'non_standard': ''}, {'days': 'Sunday', 'time_from': '08:00', 'time_to': '01:30', 'non_standard': ''}, {'days': 'Non Standard Timings:', 'time_from': '', 'time_to': '', 'non_standard': ''}, {'days': 'Monday to Saturday', 'time_from': '10:00', 'time_to': '02:00', 'non_standard': ''}, {'days': 'Sunday', 'time_from': '10:00', 'time_to': '01:00', 'non_standard': ''}, {'days': 'Non Standard Timings:', 'time_from': '', 'time_to': '', 'non_standard': ''}, {'days': 'Monday to Saturday', 'time_from': '10:00', 'time_to': '02:00', 'non_standard': ''}, {'days': 'Sunday', 'time_from': '10:00', 'time_to': '01:00', 'non_standard': ''}, {'days': 'Non Standard Timings:', 'time_from': '', 'time_to': '', 'non_standard': ''}, {'days': 'Monday to Saturday', 'time_from': '10:00', 'time_to': '02:00', 'non_standard': ''}, {'days': 'Sunday', 'time_from': '10:00', 'time_to': '01:00', 'non_standard': ''}, {'days': 'Non Standard Timings:', 'time_from': '', 'time_to': '', 'non_standard': ''}, {'days': 'Monday to Sunday', 'time_from': '00:00', 'time_to': '00:00', 'non_standard': ''}, {'days': 'Monday to Saturday', 'time_from': '10:00', 'time_to': '02:00', 'non_standard': ''}, {'days': 'Sunday', 'time_from': '10:00', 'time_to': '01:00', 'non_standard': ''}, {'days': 'Monday to Saturday', 'time_from': '10:00', 'time_to': '02:00', 'non_standard': ''}, {'days': 'Sunday', 'time_from': '10:00', 'time_to': '01:00', 'non_standard': ''}, {'days': 'Non Standard Timings:', 'time_from': '', 'time_to': '', 'non_standard': ''}, {'days': 'Monday to Saturday', 'time_from': '23:00', 'time_to': '02:00', 'non_standard': ''}, {'days': 'Sunday', 'time_from': '23:00', 'time_to': '01:00', 'non_standard': ''}, {'days': 'Non Standard Timings:', 'time_from': '', 'time_to': '', 'non_standard': ''}, {'days': 'Monday to Saturday', 'time_from': '10:00', 'time_to': '02:00', 'non_standard': ''}, {'days': 'Sunday', 'time_from': '10:00', 'time_to': '01:00', 'non_standard': ''}, {'days': 'Non Standard Timings:', 'time_from': '', 'time_to': '', 'non_standard': ''}]",[],"{'mandatory': [], 'operational': [], 'post_hearing': [], 'cctv': []}",,,70.0,exact_name + strong_address,2025-11-21T11:23:36.177576
221,"The Waterfront, Plymouth","9 Grand Parade, Plymouth PL1 3DQ, UK",,2297,Waterfront,"9 Grand Parade, The Hoe, Plymouth, Devon, PL1 3DQ",PA0572,https://licensing.plymouth.gov.uk/1/LicensingActPremises/Search/2297/Detail?LIC_ID=2228,,,"['sale and supply of alcohol', 'provision of late night refreshment', 'a performance of live music', 'any playing of recorded music', 'entertainment of a similar description to that falling within a performance of live music, any playing of recorded music or a performance of dance']","[{'days': 'Sunday to Thursday', 'time_from': '07:00', 'time_to': '00:30', 'non_standard': ''}, {'days': 'Friday and Saturday', 'time_from': '07:00', 'time_to': '01:30', 'non_standard': ''}, {'days': 'Non Standard Timings:', 'time_from': '', 'time_to': '', 'non_standard': ''}, {'days': 'Monday to Sunday', 'time_from': '12:00', 'time_to': '23:00', 'non_standard': ''}, {'days': 'Monday to Sunday', 'time_from': '12:00', 'time_to': '23:00', 'non_standard': ''}, {'days': 'Monday to Sunday', 'time_from': '12:00', 'time_to': '23:00', 'non_standard': ''}, {'days': 'Monday to Sunday', 'time_from': '23:00', 'time_to': '01:00', 'non_standard': ''}, {'days': 'Sunday to Thursday', 'time_from': '09:00', 'time_to': '00:00', 'non_standard': ''}, {'days': 'Friday and Saturday', 'time_from': '09:00', 'time_to': '01:00', 'non_standard': ''}, {'days': 'Non Standard Timings:', 'time_from': '', 'time_to': '', 'non_standard': ''}]",[],"{'mandatory': [], 'operational': [], 'post_hearing': [], 'cctv': []}",,,61.66666666666667,similar_name + strong_address,2025-11-21T12:40:40.825961
225,Toot,"46 Mayflower St, Plymouth PL1 1QX, UK",,3336,Toot,"46 Mayflower Street, Plymouth, Devon, PL1 1QX",PA1023,https://licensing.plymouth.gov.uk/1/LicensingActPremises/Search/3336/Detail?LIC_ID=16738,,,['sale and supply of alcohol'],"[{'days': 'Monday to Sunday', 'time_from': '11:00', 'time_to': '00:00', 'non_standard': ''}, {'days': 'Non Standard Timings:', 'time_from': '', 'time_to': '', 'non_standard': ''}, {'days': 'Monday to Sunday', 'time_from': '11:00', 'time_to': '00:00', 'non_standard': ''}, {'days': 'Non Standard Timings:', 'time_from': '', 'time_to': '', 'non_standard': ''}]",[],"{'mandatory': [], 'operational': [], 'post_hearing': [], 'cctv': []}",,,70.0,exact_name + strong_address,2025-11-21T12:33:09.025797
227,Positano,"36-38 Mayflower St, Plymouth PL1 1QX, UK",,228,Positano Restaurant,"36-38 Mayflower Street, Plymouth, Devon, PL1 1QX",PA0187,https://licensing.plymouth.gov.uk/1/LicensingActPremises/Search/228/Detail?LIC_ID=1601,,,['sale and supply of alcohol'],"[{'days': 'Monday to Saturday', 'time_from': '10:00', 'time_to': '00:00', 'non_standard': ''}, {'days': 'Sunday', 'time_from': '12:00', 'time_to': '23:30', 'non_standard': ''}, {'days': 'Non Standard Timings:', 'time_from': '', 'time_to': '', 'non_standard': ''}]",[],"{'mandatory': [], 'operational': [], 'post_hearing': [], 'cctv': []}",,,70.0,exact_name + strong_address,2025-11-21T11:13:36.208770
229,Lost in Rio Restaurant & Cocktail Bar,"8 Parade, Plymouth PL1 2JL, UK",,451,Lost in Rio Restaurant & Cocktail Bar,"8 The Parade, The Barbican, Plymouth, Devon, PL1 2JL",PA0379,https://licensing.plymouth.gov.uk/1/LicensingActPremises/Search/451/Detail?LIC_ID=2057,,,"['a performance of live music', 'any playing of recorded music', 'provision of late night refreshment', 'sale and supply of alcohol']","[{'days': 'Monday to Saturday', 'time_from': '10:00', 'time_to': '02:30', 'non_standard': ''}, {'days': 'Sunday', 'time_from': '11:00', 'time_to': '00:30', 'non_standard': ''}, {'days': 'Non Standard Timings:', 'time_from': '', 'time_to': '', 'non_standard': ''}, {'days': 'Monday to Saturday', 'time_from': '10:00', 'time_to': '01:00', 'non_standard': ''}, {'days': 'Sunday', 'time_from': '12:00', 'time_to': '12:00', 'non_standard': ''}, {'days': 'Non Standard Timings:', 'time_from': '', 'time_to': '', 'non_standard': ''}, {'days': 'Monday to Saturday', 'time_from': '10:00', 'time_to': '02:00', 'non_standard': ''}, {'days': 'Sunday', 'time_from': '11:00', 'time_to': '00:00', 'non_standard': ''}, {'days': 'Non Standard Timings:', 'time_from': '', 'time_to': '', 'non_standard': ''}, {'days': 'Monday to Saturday', 'time_from': '10:00', 'time_to': '02:00', 'non_standard': ''}, {'days': 'Sunday', 'time_from': '11:00', 'time_to': '00:00', 'non_standard': ''}, {'days': 'Monday to Saturday', 'time_from': '10:00', 'time_to': '02:00', 'non_standard': ''}, {'days': 'Sunday', 'time_from': '11:00', 'time_to': '00:00', 'non_standard': ''}, {'days': 'Non Standard Timings:', 'time_from': '', 'time_to': '', 'non_standard': ''}]",[],"{'mandatory': [], 'operational': [], 'post_hearing': [], 'cctv': []}",,,70.0,exact_name + strong_address,2025-11-21T10:24:25.950137
230,Foodie,"72 Cornwall St, Plymouth PL1 1LR, UK",,2858,Foodie,"72 Cornwall Street, Plymouth, Devon, PL1 1LR",PA0962,https://licensing.plymouth.gov.uk/1/LicensingActPremises/Search/2858/Detail?LIC_ID=13937,,,"['provision of late night refreshment', 'sale and supply of alcohol']","[{'days': 'Monday to Sunday', 'time_from': '11:00', 'time_to': '02:00', 'non_standard': ''}, {'days': 'Monday to Sunday', 'time_from': '23:00', 'time_to': '01:30', 'non_standard': ''}, {'days': 'Monday to Sunday', 'time_from': '11:00', 'time_to': '02:00', 'non_standard': ''}, {'days': 'Non Standard Timings:', 'time_from': '', 'time_to': '', 'non_standard': ''}]",[],"{'mandatory': [], 'operational': [], 'post_hearing': [], 'cctv': []}",,,70.0,exact_name + strong_address,2025-11-21T09:55:32.630516
231,Cosmic Kitchen,"Palace St, Plymouth PL1 2AY, UK",,1592,Cosmic Kitchen,"Palace Street, Plymouth, Devon, PL1 2AY",PA0753,https://licensing.plymouth.gov.uk/1/LicensingActPremises/Search/1592/Detail?LIC_ID=6334,,,"['sale and supply of alcohol', 'provision of late night refreshment', 'any playing of recorded music', 'a performance of live music']","[{'days': 'Sunday to Thursday', 'time_from': '08:00', 'time_to': '00:00', 'non_standard': ''}, {'days': 'Friday and Saturday', 'time_from': '08:00', 'time_to': '02:00', 'non_standard': ''}, {'days': 'Non Standard Timings:', 'time_from': '', 'time_to': '', 'non_standard': ''}, {'days': 'Non Standard Timings:', 'time_from': '', 'time_to': '', 'non_standard': ''}, {'days': 'Sunday to Thursday', 'time_from': '23:00', 'time_to': '00:00', 'non_standard': ''}, {'days': 'Friday and Saturday', 'time_from': '23:00', 'time_to': '02:00', 'non_standard': ''}, {'days': 'Non Standard Timings:', 'time_from': '', 'time_to': '', 'non_standard': ''}, {'days': 'Sunday to Thursday', 'time_from': '23:00', 'time_to': '00:00', 'non_standard': ''}, {'days': 'Friday and Saturday', 'time_from': '23:00', 'time_to': '02:00', 'non_standard': ''}, {'days': 'Non Standard Timings:', 'time_from': '', 'time_to': '', 'non_standard': ''}, {'days': 'Sunday to Thursday', 'time_from': '08:00', 'time_to': '00:00', 'non_standard': ''}, {'days': 'Friday and Saturday', 'time_from': '08:00', 'time_to': '02:00', 'non_standard': ''}, {'days': 'Non Standard Timings:', 'time_from': '', 'time_to': '', 'non_standard': ''}]",[],"{'mandatory': [], 'operational': [], 'post_hearing': [], 'cctv': []}",,,70.0,exact_name + strong_address,2025-11-21T09:35:28.580283
233,The Fig Tree @ 36,"36 Admiralty St, Stonehouse, Plymouth PL1 3RU, UK",,406,Fig Tree @ 36,"36 Admiralty Street, Stonehouse, Plymouth, Devon, PL1 3RU",PA0338,https://licensing.plymouth.gov.uk/1/LicensingActPremises/Search/406/Detail?LIC_ID=1645,,,['sale and supply of alcohol'],"[{'days': 'Monday to Saturday', 'time_from': '10:00', 'time_to': '00:00', 'non_standard': ''}, {'days': 'Sunday', 'time_from': '12:00', 'time_to': '23:30', 'non_standard': ''}, {'days': 'Non Standard Timings:', 'time_from': '', 'time_to': '', 'non_standard': ''}]",[],"{'mandatory': [], 'operational': [], 'post_hearing': [], 'cctv': []}",,,62.30769230769231,similar_name + strong_address,2025-11-21T09:50:55.402659
236,Zeus,"150-152 Cornwall St, Plymouth PL1 1NJ, UK",,417,Zeus Restaurant,"150 Cornwall Street, Plymouth, Devon, PL1 1NJ",PA0343,https://licensing.plymouth.gov.uk/1/LicensingActPremises/Search/417/Detail?LIC_ID=1616,,,['sale and supply of alcohol'],"[{'days': 'Monday to Saturday', 'time_from': '10:00', 'time_to': '00:00', 'non_standard': ''}, {'days': 'Sunday', 'time_from': '12:00', 'time_to': '23:30', 'non_standard': ''}, {'days': 'Non Standard Timings:', 'time_from': '', 'time_to': '', 'non_standard': ''}]",[],"{'mandatory': [], 'operational': [], 'post_hearing': [], 'cctv': []}",,,70.0,exact_name + strong_address,2025-11-21T13:46:16.190548
239,NORA'S,"40 Drake Circus, North Hill, Plymouth PL4 8AB, UK",,199,Nora's Restaurant,"38-40 Drake Circus, Plymouth, Devon, PL4 8AB",PA0158,https://licensing.plymouth.gov.uk/1/LicensingActPremises/Search/199/Detail?LIC_ID=1498,,,"['a performance of live music', 'a performance of dance', 'entertainment of a similar description to that falling within a performance of live music, any playing of recorded music or a performance of dance', 'sale and supply of alcohol', 'provision of late night refreshment', 'any playing of recorded music']","[{'days': 'Monday to Sunday', 'time_from': '10:00', 'time_to': '04:30', 'non_standard': ''}, {'days': 'Non Standard Timings:', 'time_from': '', 'time_to': '', 'non_standard': ''}, {'days': 'Monday to Sunday', 'time_from': '10:00', 'time_to': '04:00', 'non_standard': ''}, {'days': 'Non Standard Timings:', 'time_from': '', 'time_to': '', 'non_standard': ''}, {'days': 'Monday to Sunday', 'time_from': '10:00', 'time_to': '04:00', 'non_standard': ''}, {'days': 'Non Standard Timings:', 'time_from': '', 'time_to': '', 'non_standard': ''}, {'days': 'Monday to Sunday', 'time_from': '10:00', 'time_to': '04:00', 'non_standard': ''}, {'days': 'Non Standard Timings:', 'time_from': '', 'time_to': '', 'non_standard': ''}, {'days': 'Monday to Sunday', 'time_from': '10:00', 'time_to': '04:00', 'non_standard': ''}, {'days': 'Non Standard Timings:', 'time_from': '', 'time_to': '', 'non_standard': ''}, {'days': 'Monday to Saturday', 'time_from': '23:00', 'time_to': '04:00', 'non_standard': ''}, {'days': 'Non Standard Timings:', 'time_from': '', 'time_to': '', 'non_standard': ''}, {'days': 'Monday to Sunday', 'time_from': '10:00', 'time_to': '04:00', 'non_standard': ''}, {'days': 'Non Standard Timings:', 'time_from': '', 'time_to': '', 'non_standard': ''}]",[],"{'mandatory': [], 'operational': [], 'post_hearing': [], 'cctv': []}",,,70.0,exact_name + strong_address,2025-11-21T10:41:40.063897
240,Steak & Omelette,"116-118 Cornwall St, Plymouth PL1 1NF, UK",,147,Steak & Omelette Bar,"116-118 Cornwall Street, Plymouth, Devon, PL1 1NF",PA0111,https://licensing.plymouth.gov.uk/1/LicensingActPremises/Search/147/Detail?LIC_ID=1577,,,['sale and supply of alcohol'],"[{'days': 'Monday to Saturday', 'time_from': '10:00', 'time_to': '00:00', 'non_standard': ''}, {'days': 'Sunday', 'time_from': '12:00', 'time_to': '23:30', 'non_standard': ''}]",[],"{'mandatory': [], 'operational': [], 'post_hearing': [], 'cctv': []}",,,64.44444444444444,similar_name + strong_address,2025-11-21T11:51:05.427635
245,Crown & Anchor,"10 The Barbican, Plymouth PL1 2LS, UK",,327,Crown & Anchor,"10/11 The Barbican, Plymouth, Devon, PL1 2LS",PA0274,https://licensing.plymouth.gov.uk/1/LicensingActPremises/Search/327/Detail?LIC_ID=1902,,,"['sale and supply of alcohol', 'entertainment of a similar description to that falling within a performance of live music, any playing of recorded music or a performance of dance', 'a performance of dance', 'a performance of live music', 'any playing of recorded music']","[{'days': 'Monday to Saturday', 'time_from': '10:00', 'time_to': '02:30', 'non_standard': ''}, {'days': 'Sunday', 'time_from': '10:00', 'time_to': '01:00', 'non_standard': ''}, {'days': 'Non Standard Timings:', 'time_from': '', 'time_to': '', 'non_standard': ''}, {'days': 'Monday to Saturday', 'time_from': '10:00', 'time_to': '02:00', 'non_standard': ''}, {'days': 'Sunday', 'time_from': '10:00', 'time_to': '00:30', 'non_standard': ''}, {'days': 'Non Standard Timings:', 'time_from': '', 'time_to': '', 'non_standard': ''}, {'days': 'Monday to Saturday', 'time_from': '10:00', 'time_to': '02:00', 'non_standard': ''}, {'days': 'Sunday', 'time_from': '10:00', 'time_to': '00:30', 'non_standard': ''}, {'days': 'Non Standard Timings:', 'time_from': '', 'time_to': '', 'non_standard': ''}, {'days': 'Thursday to Saturday', 'time_from': '09:00', 'time_to': '02:00', 'non_standard': ''}, {'days': 'Monday to Saturday', 'time_from': '10:00', 'time_to': '02:00', 'non_standard': ''}, {'days': 'Sunday', 'time_from': '10:00', 'time_to': '00:30', 'non_standard': ''}, {'days': 'Non Standard Timings:', 'time_from': '', 'time_to': '', 'non_standard': ''}, {'days': 'Monday to Saturday', 'time_from': '10:00', 'time_to': '02:00', 'non_standard': ''}, {'days': 'Sunday', 'time_from': '10:00', 'time_to': '00:30', 'non_standard': ''}, {'days': 'Non Standard Timings:', 'time_from': '', 'time_to': '', 'non_standard': ''}, {'days': 'Non Standard Timings:', 'time_from': '', 'time_to': '', 'non_standard': ''}]",[],"{'mandatory': [], 'operational': [], 'post_hearing': [], 'cctv': []}",,,70.0,exact_name + strong_address,2025-11-21T09:37:23.345418
246,A Taskinha,"53 Union St, Stonehouse, Plymouth PL1 3LU, UK",,878,A Taskinha,"55 Union Street, Plymouth, Devon, PL1 3LU",,,,,[],[],[],{},,,70.0,exact_name + strong_address,2025-11-21T09:00:47.907116
248,Wingstop Plymouth,"2 Old Town St, Plymouth PL1 1DP, UK",,4684,Wingstop,"2 Old Town Street, Plymouth, Devon, PL1 1DP",PA1283,https://licensing.plymouth.gov.uk/1/LicensingActPremises/Search/4684/Detail?LIC_ID=23340,,,"['provision of late night refreshment', 'sale and supply of alcohol']","[{'days': 'Monday to Sunday', 'time_from': '10:00', 'time_to': '00:30', 'non_standard': ''}, {'days': 'Monday to Sunday', 'time_from': '23:00', 'time_to': '00:00', 'non_standard': ''}, {'days': 'Monday to Sunday', 'time_from': '10:00', 'time_to': '00:00', 'non_standard': ''}]",[],"{'mandatory': [], 'operational': [], 'post_hearing': [], 'cctv': []}",,,70.0,exact_name + strong_address,2025-11-21T12:44:36.558883
251,Zephyr Burgers,"8 Drake Circus, Plymouth PL4 8AQ, UK",,353,Zephyr Burgers,"8 Drake Circus, Plymouth, Devon, PL4 8AQ",PA0837,https://licensing.plymouth.gov.uk/1/LicensingActPremises/Search/353/Detail?LIC_ID=9667,,,"['any playing of recorded music', 'an exhibition of a film', 'provision of late night refreshment', 'sale and supply of alcohol', 'a performance of live music']","[{'days': 'Monday to Sunday', 'time_from': '00:00', 'time_to': '00:00', 'non_standard': ''}, {'days': 'Monday to Sunday', 'time_from': '00:00', 'time_to': '00:00', 'non_standard': ''}, {'days': 'Monday to Sunday', 'time_from': '23:00', 'time_to': '02:00', 'non_standard': ''}, {'days': 'Monday to Sunday', 'time_from': '00:00', 'time_to': '00:00', 'non_standard': ''}, {'days': 'Monday to Sunday', 'time_from': '23:00', 'time_to': '05:00', 'non_standard': ''}, {'days': 'Sunday to Wednesday', 'time_from': '10:00', 'time_to': '03:00', 'non_standard': ''}, {'days': 'Thursday to Saturday', 'time_from': '10:00', 'time_to': '05:00', 'non_standard': ''}, {'days': 'Non Standard Timings:', 'time_from': '10:00', 'time_to': '06:00', 'non_standard': 'Bank Holiday Sunday and New Years Eve'}]",[],"{'mandatory': [], 'operational': [], 'post_hearing': [], 'cctv': []}",,,70.0,exact_name + strong_address,2025-11-21T13:46:11.325383
254,Platters,"12 The Barbican, Plymouth PL1 2LS, UK",,116,Platters Restaurant,"12 The Barbican, Plymouth, Devon, PL1 2LS",PA0083,https://licensing.plymouth.gov.uk/1/LicensingActPremises/Search/116/Detail?LIC_ID=1568,,,['sale and supply of alcohol'],"[{'days': 'Monday to Saturday', 'time_from': '10:00', 'time_to': '00:00', 'non_standard': ''}, {'days': 'Sunday', 'time_from': '12:00', 'time_to': '23:30', 'non_standard': ''}, {'days': 'Non Standard Timings:', 'time_from': '', 'time_to': '', 'non_standard': ''}]",[],"{'mandatory': [], 'operational': [], 'post_hearing': [], 'cctv': []}",,,70.0,exact_name + strong_address,2025-11-21T10:56:40.548872
256,KYOWA,"58 Ebrington St, Plymouth PL4 9AF, UK",,4075,Kyowa,"58 Ebrington Street, Plymouth, Devon, PL4 9AF",PA1175,https://licensing.plymouth.gov.uk/1/LicensingActPremises/Search/4075/Detail?LIC_ID=20209,,,['sale and supply of alcohol'],"[{'days': 'Monday to Sunday', 'time_from': '08:00', 'time_to': '23:00', 'non_standard': ''}, {'days': 'Monday to Sunday', 'time_from': '08:00', 'time_to': '23:00', 'non_standard': ''}]",[],"{'mandatory': [], 'operational': [], 'post_hearing': [], 'cctv': []}",,,70.0,exact_name + strong_address,2025-11-21T10:17:03.452574
261,Café Momus,"14-17 Manor St, Stonehouse, Plymouth PL1 1TL, UK",,4481,Cafe Momus,"14-17 Manor Street, Plymouth, Devon, PL1 1TL",TE4940,https://licensing.plymouth.gov.uk/1/LicensingActPremises/Search/4481/Detail?LIC_ID=23836,,,"['The sale by retail of alcohol', 'The provision of regulated entertainment', 'The provision of late night refreshment']","[{'days': 'Thursday', 'time_from': '00:00', 'time_to': '02:00', 'non_standard': ''}]",[],"{'mandatory': [], 'operational': [], 'post_hearing': [], 'cctv': []}",,,65.0,similar_name + strong_address,2025-11-21T09:22:59.273062
262,Rise and Grind Plymouth,"10 Commercial Wharf, Plymouth PL1 2NX, UK",,3940,Rise and Grind,"10 Commercial Wharf, Madeira Road, Plymouth, Devon, PL1 2NX",PA1148,https://licensing.plymouth.gov.uk/1/LicensingActPremises/Search/3940/Detail?LIC_ID=19561,,,['sale and supply of alcohol'],"[{'days': 'Monday to Sunday', 'time_from': '08:30', 'time_to': '22:00', 'non_standard': ''}, {'days': 'Monday to Thursday', 'time_from': '09:00', 'time_to': '21:30', 'non_standard': ''}, {'days': 'Friday to Sunday', 'time_from': '09:00', 'time_to': '23:00', 'non_standard': ''}]",[],"{'mandatory': [], 'operational': [], 'post_hearing': [], 'cctv': []}",,,70.0,exact_name + strong_address,2025-11-21T11:21:42.379808
267,Terra Nova Café,"41 Chapel St, Devonport, Plymouth PL1 4DP, UK",,4093,Terra Nova,"41 Chapel Street, Devonport, Plymouth, Devon, PL1 4DU",PA1177,https://licensing.plymouth.gov.uk/1/LicensingActPremises/Search/4093/Detail?LIC_ID=20282,,,['sale and supply of alcohol'],"[{'days': 'Monday to Sunday', 'time_from': '08:00', 'time_to': '21:00', 'non_standard': ''}, {'days': 'Monday to Sunday', 'time_from': '10:00', 'time_to': '21:00', 'non_standard': ''}]",[],"{'mandatory': [], 'operational': [], 'post_hearing': [], 'cctv': []}",,,60.0,similar_name + strong_address,2025-11-21T12:27:27.422344
273,North Street No 7 Cafe and Bar,"7 North St, Plymouth PL4 0BW, UK",,2065,North Street No 7 Cafe Kiss,"7 North Street, Bretonside, Plymouth, Devon, PL4 OBW",PA0829,https://licensing.plymouth.gov.uk/1/LicensingActPremises/Search/2065/Detail?LIC_ID=9523,,,"['a performance of live music', 'an exhibition of a film', 'sale and supply of alcohol']","[{'days': 'Monday to Sunday', 'time_from': '09:00', 'time_to': '22:30', 'non_standard': ''}, {'days': 'Monday to Sunday', 'time_from': '09:00', 'time_to': '10:30', 'non_standard': ''}, {'days': 'Friday', 'time_from': '17:00', 'time_to': '22:00', 'non_standard': ''}, {'days': 'Saturday', 'time_from': '13:00', 'time_to': '22:00', 'non_standard': ''}, {'days': 'Non Standard Timings:', 'time_from': '', 'time_to': '', 'non_standard': ''}, {'days': 'Monday to Sunday', 'time_from': '12:00', 'time_to': '22:30', 'non_standard': ''}]",[],"{'mandatory': [], 'operational': [], 'post_hearing': [], 'cctv': []}",,,60.35087719298245,similar_name + strong_address,2025-11-21T10:41:49.795682
274,Coffee time,"134 Cornwall St, Plymouth PL1 1NJ, UK",,4385,Coffee Time,"134 Cornwall Street, Plylmouth, Devon, PL11NJ",TE4363,https://licensing.plymouth.gov.uk/1/LicensingActPremises/Search/4385/Detail?LIC_ID=21608,,,['The sale by retail of alcohol'],"[{'days': 'Saturday', 'time_from': '11:00', 'time_to': '20:00', 'non_standard': ''}]",[],"{'mandatory': [], 'operational': [], 'post_hearing': [], 'cctv': []}",,,60.0,exact_name + good_address,2025-11-21T09:30:45.698004
276,Cafe and Bistro Tio Leo,"17 Bishops Pl, Plymouth PL1 3BW, UK",,4595,Cafe and Bistro Tio Leo,"17 Bishops Place, Plymouth, Devon, PL1 3BW",PA1273,https://licensing.plymouth.gov.uk/1/LicensingActPremises/Search/4595/Detail?LIC_ID=22820,,,['sale and supply of alcohol'],"[{'days': 'Monday to Sunday', 'time_from': '08:00', 'time_to': '23:00', 'non_standard': ''}, {'days': 'Non Standard Timings:', 'time_from': '', 'time_to': '', 'non_standard': ''}, {'days': 'Monday to Sunday', 'time_from': '08:00', 'time_to': '23:00', 'non_standard': ''}, {'days': 'Non Standard Timings:', 'time_from': '', 'time_to': '', 'non_standard': ''}]",[],"{'mandatory': [], 'operational': [], 'post_hearing': [], 'cctv': []}",,,70.0,exact_name + strong_address,2025-11-21T09:22:28.357109
279,Almanac Cafe,"First Floor, 32 Batter St, Plymouth PL4 0EN, UK",,4428,Almanac Cafe,"32 Batter Street, Plymouh, PL4 0EN",TEN(L)001089,https://licensing.plymouth.gov.uk/1/LicensingActPremises/Search/4428/Detail?LIC_ID=23402,,,"['', '']","[{'days': 'Sunday', 'time_from': '12:00', 'time_to': '21:00', 'non_standard': ''}]",[],"{'mandatory': [], 'operational': [], 'post_hearing': [], 'cctv': []}",,,70.0,exact_name + strong_address,2025-11-21T09:05:08.185517
283,Lisbon Bakery and Restaurant,"22, 22-24 Frankfort Gate, Plymouth PL1 1QD, UK",,3204,Lisbon Bakery and Restaurant,"22-24 Frankfort Gate, Plymouth, Devon, PL1 1QD",PA1005,https://licensing.plymouth.gov.uk/1/LicensingActPremises/Search/3204/Detail?LIC_ID=16133,,,['sale and supply of alcohol'],"[{'days': 'Monday to Sunday', 'time_from': '08:00', 'time_to': '22:30', 'non_standard': ''}, {'days': 'Monday to Sunday', 'time_from': '11:00', 'time_to': '22:00', 'non_standard': ''}]",[],"{'mandatory': [], 'operational': [], 'post_hearing': [], 'cctv': []}",,,70.0,exact_name + strong_address,2025-11-21T10:22:46.598459
285,The Caffeine Club,"46 Tavistock Pl, Plymouth PL4 8AX, UK",,1210,Caffeine Club,"46 Tavistock Place, Plymouth, Devon, PL4 8AX",PA0718,https://licensing.plymouth.gov.uk/1/LicensingActPremises/Search/1210/Detail?LIC_ID=3903,,,"['provision of late night refreshment', 'sale and supply of alcohol', 'any playing of recorded music']","[{'days': 'Monday to Sunday', 'time_from': '00:00', 'time_to': '00:00', 'non_standard': ''}, {'days': 'Monday to Sunday', 'time_from': '10:00', 'time_to': '02:00', 'non_standard': ''}, {'days': 'Monday to Saturday', 'time_from': '23:00', 'time_to': '05:00', 'non_standard': ''}, {'days': 'Non Standard Timings:', 'time_from': '', 'time_to': '', 'non_standard': ''}, {'days': 'Monday to Sunday', 'time_from': '10:00', 'time_to': '02:00', 'non_standard': ''}, {'days': 'Non Standard Timings:', 'time_from': '', 'time_to': '', 'non_standard': ''}]",[],"{'mandatory': [], 'operational': [], 'post_hearing': [], 'cctv': []}",,,63.333333333333336,similar_name + strong_address,2025-11-21T09:23:14.334842
286,The Coffee Shack,"91 W Hoe Rd, Plymouth PL1 3DE, UK",,2172,Coffee Shack,"Hoe Road, Plymouth, Devon, PL1 3DE",TE1335,https://licensing.plymouth.gov.uk/1/LicensingActPremises/Search/2172/Detail?LIC_ID=9927,,,['The sale by retail of alcohol'],"[{'days': 'Sunday', 'time_from': '07:00', 'time_to': '00:00', 'non_standard': ''}]",[],"{'mandatory': [], 'operational': [], 'post_hearing': [], 'cctv': []}",,,62.857142857142854,similar_name + strong_address,2025-11-21T09:30:35.861381
288,The Mad Merchants Coffee House,"37 New St, Plymouth PL1 2NE, UK",,3864,"Mad Merchant Coffee House, The","37 New Street, Barbican, Plymouth, Devon, PL1 2NA",PA1144,https://licensing.plymouth.gov.uk/1/LicensingActPremises/Search/3864/Detail?LIC_ID=19456,,,['sale and supply of alcohol'],"[{'days': 'Monday to Sunday', 'time_from': '10:00', 'time_to': '21:00', 'non_standard': ''}, {'days': 'Monday to Sunday', 'time_from': '10:00', 'time_to': '21:00', 'non_standard': ''}]",[],"{'mandatory': [], 'operational': [], 'post_hearing': [], 'cctv': []}",,,62.3728813559322,similar_name + strong_address,2025-11-21T10:25:25.873641
290,Black Cat Surf Club,"31 The Broadway, Plymstock, Plymouth PL9 7AG, UK",,4698,Black Cat Surf Club,"31 The Broadway, Plymouth, Devon, PL9 7AF",PA1285,https://licensing.plymouth.gov.uk/1/LicensingActPremises/Search/4698/Detail?LIC_ID=23421,,,['sale and supply of alcohol'],"[{'days': 'Monday to Sunday', 'time_from': '08:00', 'time_to': '23:00', 'non_standard': ''}, {'days': 'Monday to Sunday', 'time_from': '10:00', 'time_to': '23:00', 'non_standard': ''}]",[],"{'mandatory': [], 'operational': [], 'post_hearing': [], 'cctv': []}",,,70.0,exact_name + strong_address,2025-11-21T09:15:39.044737
292,Sonnys coffee shop,"65 Hyde Park Rd, Peverell, Plymouth PL3 4JN, UK",,4714,Sonny's Coffee Shop,"65 Hyde Park Road, Plymouth, Devon, PL3 4JN",PA1288,https://licensing.plymouth.gov.uk/1/LicensingActPremises/Search/4714/Detail?LIC_ID=23467,,,['sale and supply of alcohol'],"[{'days': 'Monday to Saturday', 'time_from': '09:00', 'time_to': '21:00', 'non_standard': ''}, {'days': 'Sunday', 'time_from': '09:00', 'time_to': '16:00', 'non_standard': ''}, {'days': 'Monday to Saturday', 'time_from': '09:00', 'time_to': '21:00', 'non_standard': ''}, {'days': 'Sunday', 'time_from': '09:00', 'time_to': '16:00', 'non_standard': ''}]",[],"{'mandatory': [], 'operational': [], 'post_hearing': [], 'cctv': []}",,,70.0,exact_name + strong_address,2025-11-21T11:43:41.444906
297,News Cafe Plymouth,"16/17, Mills Bakery, Royal William Rd, Stonehouse, Plymouth PL1 3RP, UK",,1992,News Cafe,"Units 16 & 17 Mills Bakery, Royal William Yard, Plymouth, Devon, PL1 3RP",PA0819,https://licensing.plymouth.gov.uk/1/LicensingActPremises/Search/1992/Detail?LIC_ID=9079,,,"['sale and supply of alcohol', 'provision of late night refreshment']","[{'days': 'Monday to Saturday', 'time_from': '08:30', 'time_to': '00:00', 'non_standard': ''}, {'days': 'Sunday', 'time_from': '08:30', 'time_to': '23:00', 'non_standard': ''}, {'days': 'Monday to Saturday', 'time_from': '23:00', 'time_to': '00:00', 'non_standard': ''}, {'days': 'Monday to Saturday', 'time_from': '11:00', 'time_to': '23:30', 'non_standard': ''}, {'days': 'Sunday', 'time_from': '11:00', 'time_to': '22:30', 'non_standard': ''}]",[],"{'mandatory': [], 'operational': [], 'post_hearing': [], 'cctv': []}",,,70.0,exact_name + strong_address,2025-11-21T10:40:50.545900
300,Rockets and Rascals,"7 Parade, Plymouth PL1 2JL, UK",,2532,Rockets and Rascals,"7 Parade, The Barbican, Plymouth, Devon, PL1 2JL",PA0987,https://licensing.plymouth.gov.uk/1/LicensingActPremises/Search/2532/Detail?LIC_ID=15435,,,['sale and supply of alcohol'],"[{'days': 'Monday to Sunday', 'time_from': '08:00', 'time_to': '23:00', 'non_standard': ''}, {'days': 'Monday to Sunday', 'time_from': '10:00', 'time_to': '23:00', 'non_standard': ''}]",[],"{'mandatory': [], 'operational': [], 'post_hearing': [], 'cctv': []}",,,70.0,exact_name + strong_address,2025-11-21T11:22:44.987802
306,Jasmin's,"The Hair Loft, 81-83 Ridgeway, Plympton, Plymouth PL7 2AA, UK",,628,Jasmin's,"81-83 Ridgeway, Plympton, Plymouth, Devon, PL7 2AA",PA0505,https://licensing.plymouth.gov.uk/1/LicensingActPremises/Search/628/Detail?LIC_ID=2559,,,['sale and supply of alcohol'],"[{'days': 'Monday to Sunday', 'time_from': '09:00', 'time_to': '23:00', 'non_standard': ''}, {'days': 'Monday to Sunday', 'time_from': '09:00', 'time_to': '23:00', 'non_standard': ''}]",[],"{'mandatory': [], 'operational': [], 'post_hearing': [], 'cctv': []}",,,70.0,exact_name + strong_address,2025-11-21T10:11:05.640821
309,Boom Battle Bar Plymouth,"Unit 6, The Barcode, Charles Cross Roundabout, Drake Circus, Plymouth PL4 0FE, UK",,4171,Boom Battle Bar,"Unit 6 , The Barcode, 11 Bretonside, Plymouth, Devon, PL4 0FE",PA1192,https://licensing.plymouth.gov.uk/1/LicensingActPremises/Search/4171/Detail?LIC_ID=20590,,,"['an indoor sporting event', 'any playing of recorded music', 'provision of late night refreshment', 'sale and supply of alcohol']","[{'days': 'Sunday to Thursday', 'time_from': '10:30', 'time_to': '00:00', 'non_standard': ''}, {'days': 'Friday and Saturday', 'time_from': '10:30', 'time_to': '02:00', 'non_standard': ''}, {'days': 'Sunday to Thursday', 'time_from': '23:00', 'time_to': '23:30', 'non_standard': ''}, {'days': 'Friday and Saturday', 'time_from': '23:00', 'time_to': '01:30', 'non_standard': ''}, {'days': 'Sunday to Thursday', 'time_from': '23:00', 'time_to': '23:30', 'non_standard': ''}, {'days': 'Friday and Saturday', 'time_from': '23:00', 'time_to': '01:30', 'non_standard': ''}, {'days': 'Sunday to Thursday', 'time_from': '23:00', 'time_to': '23:30', 'non_standard': ''}, {'days': 'Friday and Saturday', 'time_from': '23:00', 'time_to': '01:30', 'non_standard': ''}, {'days': 'Sunday to Thursday', 'time_from': '10:30', 'time_to': '23:30', 'non_standard': ''}, {'days': 'Friday and Saturday', 'time_from': '10:30', 'time_to': '01:30', 'non_standard': ''}]",[],"{'mandatory': [], 'operational': [], 'post_hearing': [], 'cctv': []}",,,70.0,exact_name + strong_address,2025-11-21T09:17:11.234458
310,Bar Rakuda,"11 Quay Rd, Plymouth PL1 2JZ, UK",,623,Bar Rakuda,"10 & 11 Quay Road, The Barbican, Plymouth, Devon, PL1 2JZ",PA0703,https://licensing.plymouth.gov.uk/1/LicensingActPremises/Search/623/Detail?LIC_ID=2710,,,"['any playing of recorded music', 'a performance of a play', 'an exhibition of a film', 'an indoor sporting event', 'a boxing or wrestling entertainment', 'a performance of live music', 'a performance of dance', 'entertainment of a similar description to that falling within a performance of live music, any playing of recorded music or a performance of dance', 'provision of late night refreshment', 'sale and supply of alcohol']","[{'days': 'Monday to Sunday', 'time_from': '09:00', 'time_to': '02:30', 'non_standard': ''}, {'days': 'Non Standard Timings:', 'time_from': '', 'time_to': '', 'non_standard': ''}, {'days': 'Monday to Sunday', 'time_from': '09:00', 'time_to': '02:00', 'non_standard': ''}, {'days': 'Non Standard Timings:', 'time_from': '', 'time_to': '', 'non_standard': ''}, {'days': 'Monday to Sunday', 'time_from': '11:00', 'time_to': '22:30', 'non_standard': ''}, {'days': 'Monday to Sunday', 'time_from': '09:00', 'time_to': '02:00', 'non_standard': ''}, {'days': 'Non Standard Timings:', 'time_from': '', 'time_to': '', 'non_standard': ''}, {'days': 'Monday to Sunday', 'time_from': '23:00', 'time_to': '02:00', 'non_standard': ''}, {'days': 'Non Standard Timings:', 'time_from': '', 'time_to': '', 'non_standard': ''}, {'days': 'Monday to Sunday', 'time_from': '09:00', 'time_to': '02:00', 'non_standard': ''}, {'days': 'Non Standard Timings:', 'time_from': '', 'time_to': '', 'non_standard': ''}]",[],"{'mandatory': [], 'operational': [], 'post_hearing': [], 'cctv': []}",,,70.0,exact_name + strong_address,2025-11-21T09:10:20.380907
311,Walkabout - Plymouth,"5 Union St, Plymouth PL1 2SU, UK",,719,Walkabout Inn,"5 Union Street, Derrys Cross, Plymouth, Devon, PL1 2SU",PA0575,https://licensing.plymouth.gov.uk/1/LicensingActPremises/Search/719/Detail?LIC_ID=2170,,,"['a performance of live music', 'any playing of recorded music', 'a performance of dance', 'entertainment of a similar description to that falling within a performance of live music, any playing of recorded music or a performance of dance', 'provision of late night refreshment', 'sale and supply of alcohol']","[{'days': 'Monday to Sunday', 'time_from': '00:00', 'time_to': '00:00', 'non_standard': ''}, {'days': 'Monday to Sunday', 'time_from': '00:00', 'time_to': '00:00', 'non_standard': ''}, {'days': 'Monday to Sunday', 'time_from': '00:00', 'time_to': '00:00', 'non_standard': ''}, {'days': 'Monday to Sunday', 'time_from': '00:00', 'time_to': '00:00', 'non_standard': ''}, {'days': 'Monday to Sunday', 'time_from': '00:00', 'time_to': '00:00', 'non_standard': ''}, {'days': 'Monday to Sunday', 'time_from': '23:00', 'time_to': '05:00', 'non_standard': ''}, {'days': 'Monday to Sunday', 'time_from': '00:00', 'time_to': '00:00', 'non_standard': ''}]",[],"{'mandatory': [], 'operational': [], 'post_hearing': [], 'cctv': []}",,,60.909090909090914,similar_name + strong_address,2025-11-21T12:40:13.306295
313,Old Town Tiki Bar,"1 Old Town St, Plymouth PL1 1DA, UK",,4349,Old Town Tiki Bar,"1 Old Town Street, Plymouth, Devon, PL1 1DA",PA1236,https://licensing.plymouth.gov.uk/1/LicensingActPremises/Search/4349/Detail?LIC_ID=21979,,,"['a performance of live music', 'any playing of recorded music', 'provision of late night refreshment', 'sale and supply of alcohol']","[{'days': 'Sunday to Thursday', 'time_from': '09:00', 'time_to': '00:00', 'non_standard': ''}, {'days': 'Friday and Saturday', 'time_from': '09:00', 'time_to': '02:00', 'non_standard': ''}, {'days': 'Friday and Saturday', 'time_from': '23:00', 'time_to': '02:00', 'non_standard': ''}, {'days': 'Sunday', 'time_from': '23:00', 'time_to': '00:00', 'non_standard': ''}, {'days': 'Friday and Saturday', 'time_from': '23:00', 'time_to': '02:00', 'non_standard': ''}, {'days': 'Sunday', 'time_from': '23:00', 'time_to': '00:00', 'non_standard': ''}, {'days': 'Non Standard Timings:', 'time_from': '', 'time_to': '', 'non_standard': ''}, {'days': 'Sunday to Thursday', 'time_from': '23:00', 'time_to': '00:00', 'non_standard': ''}, {'days': 'Friday and Saturday', 'time_from': '23:00', 'time_to': '02:00', 'non_standard': ''}, {'days': 'Sunday to Thursday', 'time_from': '09:00', 'time_to': '00:00', 'non_standard': ''}, {'days': 'Friday and Saturday', 'time_from': '09:00', 'time_to': '02:00', 'non_standard': ''}]",[],"{'mandatory': [], 'operational': [], 'post_hearing': [], 'cctv': []}",,,70.0,exact_name + strong_address,2025-11-21T10:44:15.000157
314,Tigermilk,"Pilgrim House, 17 Derrys Cross, Plymouth PL1 2SW, UK",,3877,Tigermilk,"Part Ground and First Floor, Pilgrim House, 17/19 Derrys Cross, Plymouth, Devon, PL1 2SW",PA1125,https://licensing.plymouth.gov.uk/1/LicensingActPremises/Search/3877/Detail?LIC_ID=19313,,,"['a performance of a play', 'a performance of live music', 'any playing of recorded music', 'a performance of dance', 'entertainment of a similar description to that falling within a performance of live music, any playing of recorded music or a performance of dance', 'provision of late night refreshment', 'sale and supply of alcohol']","[{'days': 'Monday to Sunday', 'time_from': '10:00', 'time_to': '02:30', 'non_standard': ''}, {'days': 'Monday to Sunday', 'time_from': '10:00', 'time_to': '00:00', 'non_standard': ''}, {'days': 'Monday to Sunday', 'time_from': '23:00', 'time_to': '02:00', 'non_standard': ''}, {'days': 'Monday to Sunday', 'time_from': '23:00', 'time_to': '02:30', 'non_standard': ''}, {'days': 'Monday to Sunday', 'time_from': '10:00', 'time_to': '02:30', 'non_standard': ''}, {'days': 'Monday to Sunday', 'time_from': '10:00', 'time_to': '02:30', 'non_standard': ''}, {'days': 'Monday to Sunday', 'time_from': '23:00', 'time_to': '02:30', 'non_standard': ''}, {'days': 'Monday to Sunday', 'time_from': '10:00', 'time_to': '02:30', 'non_standard': ''}]",[],"{'mandatory': [], 'operational': [], 'post_hearing': [], 'cctv': []}",,,70.0,exact_name + strong_address,2025-11-21T12:32:17.855162
316,Kitty O'Hanlons Plymouth,"5 St Andrew St, Plymouth PL1 2AH, UK",,638,Kitty O'Hanlon's,"5 St Andrew Street, Plymouth, Devon, PL1 2AH",PA0514,https://licensing.plymouth.gov.uk/1/LicensingActPremises/Search/638/Detail?LIC_ID=2275,,,"['an indoor sporting event', 'a performance of live music', 'provision of late night refreshment', 'sale and supply of alcohol', 'any playing of recorded music']","[{'days': 'Monday to Thursday', 'time_from': '06:00', 'time_to': '00:30', 'non_standard': ''}, {'days': 'Friday and Saturday', 'time_from': '06:00', 'time_to': '02:00', 'non_standard': ''}, {'days': 'Sunday', 'time_from': '06:00', 'time_to': '00:30', 'non_standard': ''}, {'days': 'Non Standard Timings:', 'time_from': '', 'time_to': '', 'non_standard': ''}, {'days': 'Monday to Thursday', 'time_from': '10:00', 'time_to': '00:00', 'non_standard': ''}, {'days': 'Friday and Saturday', 'time_from': '10:00', 'time_to': '01:00', 'non_standard': ''}, {'days': 'Sunday', 'time_from': '10:00', 'time_to': '00:00', 'non_standard': ''}, {'days': 'Non Standard Timings:', 'time_from': '', 'time_to': '', 'non_standard': ''}, {'days': 'Monday to Wednesday', 'time_from': '10:00', 'time_to': '00:00', 'non_standard': ''}, {'days': 'Thursday to Saturday', 'time_from': '10:00', 'time_to': '01:00', 'non_standard': ''}, {'days': 'Sunday', 'time_from': '10:00', 'time_to': '00:00', 'non_standard': ''}, {'days': 'Non Standard Timings:', 'time_from': '', 'time_to': '', 'non_standard': ''}, {'days': 'Monday to Wednesday', 'time_from': '10:00', 'time_to': '00:00', 'non_standard': ''}, {'days': 'Thursday to Saturday', 'time_from': '10:00', 'time_to': '01:00', 'non_standard': ''}, {'days': 'Sunday', 'time_from': '10:00', 'time_to': '00:00', 'non_standard': ''}, {'days': 'Non Standard Timings:', 'time_from': '', 'time_to': '', 'non_standard': ''}, {'days': 'Monday to Thursday', 'time_from': '23:00', 'time_to': '00:30', 'non_standard': ''}, {'days': 'Friday and Saturday', 'time_from': '23:00', 'time_to': '01:30', 'non_standard': ''}, {'days': 'Sunday', 'time_from': '23:00', 'time_to': '00:30', 'non_standard': ''}, {'days': 'Non Standard Timings:', 'time_from': '', 'time_to': '', 'non_standard': ''}, {'days': 'Monday to Thursday', 'time_from': '06:00', 'time_to': '00:00', 'non_standard': ''}, {'days': 'Friday and Saturday', 'time_from': '06:00', 'time_to': '01:30', 'non_standard': ''}, {'days': 'Sunday', 'time_from': '06:00', 'time_to': '00:00', 'non_standard': ''}, {'days': 'Non Standard Timings:', 'time_from': '', 'time_to': '', 'non_standard': ''}]",[],"{'mandatory': [], 'operational': [], 'post_hearing': [], 'cctv': []}",,,70.0,exact_name + strong_address,2025-11-21T10:15:58.373950
317,The Nowhere Inn,"21 Gilwell St, Greenbank, Plymouth PL4 8BU, UK",,531,Nowhere Inn,"21 Gilwell Street, Greenbank, Plymouth, Devon, PL4 8BU",PA0435,https://licensing.plymouth.gov.uk/1/LicensingActPremises/Search/531/Detail?LIC_ID=2184,,,"['an indoor sporting event', 'a performance of live music', 'any playing of recorded music', 'sale and supply of alcohol', 'provision of late night refreshment']","[{'days': 'Monday to Sunday', 'time_from': '11:00', 'time_to': '03:00', 'non_standard': ''}, {'days': 'Non Standard Timings:', 'time_from': '', 'time_to': '', 'non_standard': ''}, {'days': 'Monday to Sunday', 'time_from': '12:00', 'time_to': '23:00', 'non_standard': ''}, {'days': 'Monday to Sunday', 'time_from': '11:00', 'time_to': '23:00', 'non_standard': ''}, {'days': 'Monday to Sunday', 'time_from': '11:00', 'time_to': '01:00', 'non_standard': ''}, {'days': 'Monday to Sunday', 'time_from': '23:00', 'time_to': '02:30', 'non_standard': ''}, {'days': 'Non Standard Timings:', 'time_from': '', 'time_to': '', 'non_standard': ''}, {'days': 'Monday to Sunday', 'time_from': '11:00', 'time_to': '02:30', 'non_standard': ''}, {'days': 'Non Standard Timings:', 'time_from': '', 'time_to': '', 'non_standard': ''}]",[],"{'mandatory': [], 'operational': [], 'post_hearing': [], 'cctv': []}",,,62.30769230769231,similar_name + strong_address,2025-11-21T10:42:04.163472
318,Brass Monkey,"12-14 Royal Parade, Plymouth PL1 1DS, UK",,439,"Brass Monkey, The","12 - 14 Royal Parade, Plymouth, Devon, PL1 1DS",PA0361,https://licensing.plymouth.gov.uk/1/LicensingActPremises/Search/439/Detail?LIC_ID=2051,,,"['an exhibition of a film', 'an indoor sporting event', 'a performance of live music', 'any playing of recorded music', 'a performance of dance', 'provision of late night refreshment', 'sale and supply of alcohol']","[{'days': 'Monday to Thursday', 'time_from': '07:00', 'time_to': '00:30', 'non_standard': ''}, {'days': 'Friday and Saturday', 'time_from': '07:00', 'time_to': '01:30', 'non_standard': ''}, {'days': 'Sunday', 'time_from': '07:00', 'time_to': '00:30', 'non_standard': ''}, {'days': 'Non Standard Timings:', 'time_from': '', 'time_to': '', 'non_standard': ''}, {'days': 'Monday to Thursday', 'time_from': '07:00', 'time_to': '00:00', 'non_standard': ''}, {'days': 'Friday and Saturday', 'time_from': '07:00', 'time_to': '01:00', 'non_standard': ''}, {'days': 'Sunday', 'time_from': '07:00', 'time_to': '00:00', 'non_standard': ''}, {'days': 'Non Standard Timings:', 'time_from': '', 'time_to': '', 'non_standard': ''}, {'days': 'Monday to Thursday', 'time_from': '09:00', 'time_to': '00:00', 'non_standard': ''}, {'days': 'Friday and Saturday', 'time_from': '09:00', 'time_to': '01:00', 'non_standard': ''}, {'days': 'Sunday', 'time_from': '09:00', 'time_to': '00:00', 'non_standard': ''}, {'days': 'Non Standard Timings:', 'time_from': '', 'time_to': '', 'non_standard': ''}, {'days': 'Monday to Thursday', 'time_from': '09:00', 'time_to': '00:00', 'non_standard': ''}, {'days': 'Friday and Saturday', 'time_from': '09:00', 'time_to': '01:00', 'non_standard': ''}, {'days': 'Sunday', 'time_from': '09:00', 'time_to': '00:00', 'non_standard': ''}, {'days': 'Non Standard Timings:', 'time_from': '', 'time_to': '', 'non_standard': ''}, {'days': 'Monday to Thursday', 'time_from': '09:00', 'time_to': '00:00', 'non_standard': ''}, {'days': 'Friday and Saturday', 'time_from': '09:00', 'time_to': '01:00', 'non_standard': ''}, {'days': 'Sunday', 'time_from': '09:00', 'time_to': '00:00', 'non_standard': ''}, {'days': 'Non Standard Timings:', 'time_from': '', 'time_to': '', 'non_standard': ''}, {'days': 'Monday to Thursday', 'time_from': '09:00', 'time_to': '00:00', 'non_standard': ''}, {'days': 'Friday and Saturday', 'time_from': '09:00', 'time_to': '01:00', 'non_standard': ''}, {'days': 'Sunday', 'time_from': '09:00', 'time_to': '00:00', 'non_standard': ''}, {'days': 'Non Standard Timings:', 'time_from': '', 'time_to': '', 'non_standard': ''}, {'days': 'Monday to Thursday', 'time_from': '23:00', 'time_to': '00:00', 'non_standard': ''}, {'days': 'Friday and Saturday', 'time_from': '23:00', 'time_to': '01:00', 'non_standard': ''}, {'days': 'Sunday', 'time_from': '23:00', 'time_to': '00:00', 'non_standard': ''}, {'days': 'Non Standard Timings:', 'time_from': '', 'time_to': '', 'non_standard': ''}, {'days': 'Monday to Thursday', 'time_from': '09:00', 'time_to': '00:30', 'non_standard': ''}, {'days': 'Friday and Saturday', 'time_from': '09:00', 'time_to': '01:30', 'non_standard': ''}, {'days': 'Sunday', 'time_from': '09:00', 'time_to': '00:30', 'non_standard': ''}, {'days': 'Non Standard Timings:', 'time_from': '', 'time_to': '', 'non_standard': ''}]",[],"{'mandatory': [], 'operational': [], 'post_hearing': [], 'cctv': []}",,,62.857142857142854,similar_name + strong_address,2025-11-21T09:18:14.953441
319,The Fishermans Arms,"31 Lambhay St, Plymouth PL1 2NN, UK",,380,Fishermans Arms,"31 Lambhay Street, Plymouth, Devon, PL1 2NN",PA0316,https://licensing.plymouth.gov.uk/1/LicensingActPremises/Search/380/Detail?LIC_ID=1967,,,"['a performance of live music', 'any playing of recorded music', 'entertainment of a similar description to that falling within a performance of live music, any playing of recorded music or a performance of dance', 'provision of late night refreshment', 'sale and supply of alcohol']","[{'days': 'Monday to Thursday', 'time_from': '10:00', 'time_to': '01:00', 'non_standard': ''}, {'days': 'Friday and Saturday', 'time_from': '10:00', 'time_to': '01:30', 'non_standard': ''}, {'days': 'Sunday', 'time_from': '10:00', 'time_to': '01:00', 'non_standard': ''}, {'days': 'Non Standard Timings:', 'time_from': '', 'time_to': '', 'non_standard': ''}, {'days': 'Monday to Sunday', 'time_from': '12:00', 'time_to': '23:00', 'non_standard': ''}, {'days': 'Monday to Sunday', 'time_from': '12:00', 'time_to': '00:00', 'non_standard': ''}, {'days': 'Monday to Sunday', 'time_from': '12:00', 'time_to': '23:00', 'non_standard': ''}, {'days': 'Monday to Thursday', 'time_from': '23:00', 'time_to': '00:30', 'non_standard': ''}, {'days': 'Friday and Saturday', 'time_from': '23:00', 'time_to': '01:00', 'non_standard': ''}, {'days': 'Sunday', 'time_from': '23:00', 'time_to': '00:30', 'non_standard': ''}, {'days': 'Monday to Thursday', 'time_from': '10:00', 'time_to': '00:00', 'non_standard': ''}, {'days': 'Friday and Saturday', 'time_from': '10:00', 'time_to': '01:00', 'non_standard': ''}, {'days': 'Sunday', 'time_from': '10:00', 'time_to': '00:00', 'non_standard': ''}, {'days': 'Non Standard Timings:', 'time_from': '', 'time_to': '', 'non_standard': ''}]",[],"{'mandatory': [], 'operational': [], 'post_hearing': [], 'cctv': []}",,,64.11764705882354,similar_name + strong_address,2025-11-21T09:51:33.879522
321,Noahs Ark,"32A Courtenay St, Plymouth PL1 1EP, UK",,45,Noah's Ark,"32a Courtenay Street, Plymouth, Devon, PL1 1EP",PA0024,https://licensing.plymouth.gov.uk/1/LicensingActPremises/Search/45/Detail?LIC_ID=1965,,,"['an exhibition of a film', 'an indoor sporting event', 'a performance of live music', 'a performance of dance', 'provision of late night refreshment', 'sale and supply of alcohol', 'any playing of recorded music']","[{'days': 'Monday to Saturday', 'time_from': '07:00', 'time_to': '02:30', 'non_standard': ''}, {'days': 'Sunday', 'time_from': '07:00', 'time_to': '01:30', 'non_standard': ''}, {'days': 'Non Standard Timings:', 'time_from': '', 'time_to': '', 'non_standard': ''}, {'days': 'Monday to Saturday', 'time_from': '10:00', 'time_to': '02:00', 'non_standard': ''}, {'days': 'Sunday', 'time_from': '10:00', 'time_to': '01:00', 'non_standard': ''}, {'days': 'Non Standard Timings:', 'time_from': '', 'time_to': '', 'non_standard': ''}, {'days': 'Monday to Saturday', 'time_from': '10:00', 'time_to': '02:00', 'non_standard': ''}, {'days': 'Sunday', 'time_from': '10:00', 'time_to': '01:00', 'non_standard': ''}, {'days': 'Non Standard Timings:', 'time_from': '', 'time_to': '', 'non_standard': ''}, {'days': 'Monday to Saturday', 'time_from': '10:00', 'time_to': '02:00', 'non_standard': ''}, {'days': 'Sunday', 'time_from': '10:00', 'time_to': '01:00', 'non_standard': ''}, {'days': 'Non Standard Timings:', 'time_from': '', 'time_to': '', 'non_standard': ''}, {'days': 'Monday to Saturday', 'time_from': '10:00', 'time_to': '02:00', 'non_standard': ''}, {'days': 'Sunday', 'time_from': '10:00', 'time_to': '01:00', 'non_standard': ''}, {'days': 'Non Standard Timings:', 'time_from': '', 'time_to': '', 'non_standard': ''}, {'days': 'Monday to Saturday', 'time_from': '23:00', 'time_to': '02:00', 'non_standard': ''}, {'days': 'Sunday', 'time_from': '23:00', 'time_to': '01:00', 'non_standard': ''}, {'days': 'Non Standard Timings:', 'time_from': '', 'time_to': '', 'non_standard': ''}, {'days': 'Monday to Saturday', 'time_from': '09:00', 'time_to': '02:00', 'non_standard': ''}, {'days': 'Sunday', 'time_from': '09:00', 'time_to': '01:00', 'non_standard': ''}, {'days': 'Non Standard Timings:', 'time_from': '', 'time_to': '', 'non_standard': ''}]",[],"{'mandatory': [], 'operational': [], 'post_hearing': [], 'cctv': []}",,,70.0,exact_name + strong_address,2025-11-21T10:41:24.951281
322,Rust & Royal,"PL1, 7-8 Quay Rd, Plymouth PL1 2JZ, UK",,681,Rust and Royal,"8/9 Quay Road, Barbican, Plymouth, Devon, PL1 2JZ",PA0551,https://licensing.plymouth.gov.uk/1/LicensingActPremises/Search/681/Detail?LIC_ID=1951,,,"['a performance of live music', 'any playing of recorded music', 'entertainment of a similar description to that falling within a performance of live music, any playing of recorded music or a performance of dance', 'sale and supply of alcohol']","[{'days': 'Monday to Sunday', 'time_from': '09:00', 'time_to': '02:00', 'non_standard': ''}, {'days': 'Non Standard Timings:', 'time_from': '', 'time_to': '', 'non_standard': ''}, {'days': 'Monday to Sunday', 'time_from': '19:00', 'time_to': '01:30', 'non_standard': ''}, {'days': 'Non Standard Timings:', 'time_from': '', 'time_to': '', 'non_standard': ''}, {'days': 'Monday to Sunday', 'time_from': '09:00', 'time_to': '01:30', 'non_standard': ''}, {'days': 'Non Standard Timings:', 'time_from': '', 'time_to': '', 'non_standard': ''}, {'days': 'Monday to Sunday', 'time_from': '19:00', 'time_to': '01:30', 'non_standard': ''}, {'days': 'Non Standard Timings:', 'time_from': '', 'time_to': '', 'non_standard': ''}, {'days': 'Monday to Sunday', 'time_from': '09:00', 'time_to': '02:00', 'non_standard': ''}, {'days': 'Non Standard Timings:', 'time_from': '', 'time_to': '', 'non_standard': ''}]",[],"{'mandatory': [], 'operational': [], 'post_hearing': [], 'cctv': []}",,,62.30769230769231,similar_name + strong_address,2025-11-21T11:27:10.151920
325,The Queens Arms,"55 Southside St, Plymouth PL1 2LA, UK",,384,Queens Arms,"55 Southside Street, The Barbican, Plymouth, Devon, PL1 2LA",PA0319,https://licensing.plymouth.gov.uk/1/LicensingActPremises/Search/384/Detail?LIC_ID=1941,,,"['a performance of live music', 'any playing of recorded music', 'sale and supply of alcohol']","[{'days': 'Monday to Sunday', 'time_from': '10:00', 'time_to': '01:30', 'non_standard': ''}, {'days': 'Sunday', 'time_from': '20:00', 'time_to': '00:00', 'non_standard': ''}, {'days': 'Monday to Sunday', 'time_from': '10:00', 'time_to': '01:00', 'non_standard': ''}, {'days': 'Monday to Sunday', 'time_from': '10:00', 'time_to': '01:00', 'non_standard': ''}]",[],"{'mandatory': [], 'operational': [], 'post_hearing': [], 'cctv': []}",,,62.30769230769231,similar_name + strong_address,2025-11-21T11:18:52.014508
326,Capital DC Tiki Bar & Lounge,"3 Derrys Cross, Plymouth PL1 2SW, UK",,4564,Capital DC Tiki Bar & Lounge,"33a Derrys Cross, Plymouth, Devon, PL1 2SW",PA1267,https://licensing.plymouth.gov.uk/1/LicensingActPremises/Search/4564/Detail?LIC_ID=22628,,,"['a performance of live music', 'any playing of recorded music', 'sale and supply of alcohol', 'provision of late night refreshment']","[{'days': 'Sunday to Tuesday', 'time_from': '10:00', 'time_to': '02:30', 'non_standard': ''}, {'days': 'Wednesday to Saturday', 'time_from': '10:00', 'time_to': '03:00', 'non_standard': ''}, {'days': 'Non Standard Timings:', 'time_from': '', 'time_to': '', 'non_standard': ''}, {'days': 'Sunday to Tuesday', 'time_from': '23:00', 'time_to': '02:30', 'non_standard': ''}, {'days': 'Wednesday to Saturday', 'time_from': '23:00', 'time_to': '03:00', 'non_standard': ''}, {'days': 'Non Standard Timings:', 'time_from': '', 'time_to': '', 'non_standard': ''}, {'days': 'Sunday to Tuesday', 'time_from': '23:00', 'time_to': '02:30', 'non_standard': ''}, {'days': 'Wednesday to Saturday', 'time_from': '23:00', 'time_to': '03:00', 'non_standard': ''}, {'days': 'Non Standard Timings:', 'time_from': '', 'time_to': '', 'non_standard': ''}, {'days': 'Sunday to Tuesday', 'time_from': '23:00', 'time_to': '02:30', 'non_standard': ''}, {'days': 'Wednesday to Saturday', 'time_from': '23:00', 'time_to': '03:00', 'non_standard': ''}, {'days': 'Non Standard Timings:', 'time_from': '', 'time_to': '', 'non_standard': ''}, {'days': 'Sunday to Tuesday', 'time_from': '10:00', 'time_to': '02:30', 'non_standard': ''}, {'days': 'Wednesday to Saturday', 'time_from': '10:00', 'time_to': '03:00', 'non_standard': ''}, {'days': 'Non Standard Timings:', 'time_from': '', 'time_to': '', 'non_standard': ''}]",[],"{'mandatory': [], 'operational': [], 'post_hearing': [], 'cctv': []}",,,70.0,exact_name + strong_address,2025-11-21T09:24:02.903304
327,James Street Vaults (JSV),"24 James St, Plymouth PL4 6EQ, UK",,285,James Street Vaults,"24 James Street, Plymouth, Devon, PL4 6EQ",PA0265,https://licensing.plymouth.gov.uk/1/LicensingActPremises/Search/285/Detail?LIC_ID=1895,,,"['a performance of live music', 'any playing of recorded music', 'sale and supply of alcohol', 'provision of late night refreshment']","[{'days': 'Sunday to Tuesday', 'time_from': '11:00', 'time_to': '02:30', 'non_standard': ''}, {'days': 'Wednesday to Saturday', 'time_from': '11:00', 'time_to': '04:30', 'non_standard': ''}, {'days': 'Non Standard Timings:', 'time_from': '', 'time_to': '', 'non_standard': ''}, {'days': 'Monday to Sunday', 'time_from': '11:00', 'time_to': '02:00', 'non_standard': ''}, {'days': 'Monday to Sunday', 'time_from': '11:00', 'time_to': '02:00', 'non_standard': ''}, {'days': 'Sunday to Tuesday', 'time_from': '23:00', 'time_to': '02:00', 'non_standard': ''}, {'days': 'Wednesday to Saturday', 'time_from': '23:00', 'time_to': '04:00', 'non_standard': ''}, {'days': 'Sunday to Tuesday', 'time_from': '11:00', 'time_to': '02:00', 'non_standard': ''}, {'days': 'Wednesday to Saturday', 'time_from': '11:00', 'time_to': '04:00', 'non_standard': ''}, {'days': 'Non Standard Timings:', 'time_from': '', 'time_to': '', 'non_standard': ''}]",[],"{'mandatory': [], 'operational': [], 'post_hearing': [], 'cctv': []}",,,65.23809523809524,similar_name + strong_address,2025-11-21T10:10:55.584157
328,The Skiving Scholar,"1 Tavistock Pl, Plymouth PL4 8AU, UK",,653,Skiving Scholar,"1 Tavistock Place, North Hill, Plymouth, Devon, PL4 8AU",PA1029,https://licensing.plymouth.gov.uk/1/LicensingActPremises/Search/653/Detail?LIC_ID=16911,,,"['a performance of live music', 'any playing of recorded music', 'a performance of dance', 'provision of late night refreshment', 'sale and supply of alcohol']","[{'days': 'Monday to Thursday', 'time_from': '09:00', 'time_to': '04:30', 'non_standard': ''}, {'days': 'Non Standard Timings:', 'time_from': '', 'time_to': '', 'non_standard': ''}, {'days': 'Friday to Sunday', 'time_from': '09:00', 'time_to': '06:30', 'non_standard': ''}, {'days': 'Sunday to Thursday', 'time_from': '09:00', 'time_to': '04:00', 'non_standard': ''}, {'days': 'Friday and Saturday', 'time_from': '09:00', 'time_to': '06:00', 'non_standard': ''}, {'days': 'Saturday to Thursday', 'time_from': '', 'time_to': '', 'non_standard': ''}, {'days': 'Sunday to Thursday', 'time_from': '09:00', 'time_to': '04:00', 'non_standard': ''}, {'days': 'Friday and Saturday', 'time_from': '09:00', 'time_to': '06:00', 'non_standard': ''}, {'days': 'Sunday to Thursday', 'time_from': '09:00', 'time_to': '04:00', 'non_standard': ''}, {'days': 'Friday and Saturday', 'time_from': '09:00', 'time_to': '06:00', 'non_standard': ''}, {'days': 'Sunday to Thursday', 'time_from': '23:00', 'time_to': '04:00', 'non_standard': ''}, {'days': 'Friday and Saturday', 'time_from': '23:00', 'time_to': '05:00', 'non_standard': ''}, {'days': 'Sunday to Thursday', 'time_from': '09:00', 'time_to': '04:00', 'non_standard': ''}, {'days': 'Friday to Saturday', 'time_from': '09:00', 'time_to': '06:00', 'non_standard': ''}, {'days': 'Non Standard Timings:', 'time_from': '', 'time_to': '', 'non_standard': ''}]",[],"{'mandatory': [], 'operational': [], 'post_hearing': [], 'cctv': []}",,,64.11764705882354,similar_name + strong_address,2025-11-21T11:42:42.510622
330,BrewDog Plymouth,"Unit 10, the barcode, 11 Bretonside, Plymouth PL4 0FE, UK",,3863,Brewdog,"Unit 10, 11 Bretonside, Plymouth, Devon, PL4 0FE",PA1120,https://licensing.plymouth.gov.uk/1/LicensingActPremises/Search/3863/Detail?LIC_ID=19258,,,"['a performance of live music', 'any playing of recorded music', 'provision of late night refreshment', 'sale and supply of alcohol']","[{'days': 'Monday to Sunday', 'time_from': '10:00', 'time_to': '02:30', 'non_standard': ''}, {'days': 'Non Standard Timings:', 'time_from': '', 'time_to': '', 'non_standard': ''}, {'days': 'Monday to Sunday', 'time_from': '10:00', 'time_to': '02:00', 'non_standard': ''}, {'days': 'Non Standard Timings:', 'time_from': '', 'time_to': '', 'non_standard': ''}, {'days': 'Monday to Sunday', 'time_from': '10:00', 'time_to': '02:00', 'non_standard': ''}, {'days': 'Non Standard Timings:', 'time_from': '', 'time_to': '', 'non_standard': ''}, {'days': 'Monday to Sunday', 'time_from': '23:00', 'time_to': '02:00', 'non_standard': ''}, {'days': 'Non Standard Timings:', 'time_from': '', 'time_to': '', 'non_standard': ''}, {'days': 'Monday to Sunday', 'time_from': '10:00', 'time_to': '02:00', 'non_standard': ''}, {'days': 'Non Standard Timings:', 'time_from': '', 'time_to': '', 'non_standard': ''}]",[],"{'mandatory': [], 'operational': [], 'post_hearing': [], 'cctv': []}",,,70.0,exact_name + strong_address,2025-11-21T09:18:34.357077
336,Spinners Plymouth,"Unit 12, The Barcode, Plymouth PL4 0FE, UK",,4357,Spinners,"Unit 12 The Barcode, Bretonside, Plymouth, Devon, PL4 0FE",PA1223,https://licensing.plymouth.gov.uk/1/LicensingActPremises/Search/4357/Detail?LIC_ID=21545,,,"['any playing of recorded music', 'provision of late night refreshment', 'sale and supply of alcohol']","[{'days': 'Monday and Tuesday', 'time_from': '12:00', 'time_to': '23:00', 'non_standard': ''}, {'days': 'Wednesday and Thursday', 'time_from': '12:00', 'time_to': '00:00', 'non_standard': ''}, {'days': 'Friday', 'time_from': '12:00', 'time_to': '01:00', 'non_standard': ''}, {'days': 'Saturday', 'time_from': '11:00', 'time_to': '01:00', 'non_standard': ''}, {'days': 'Sunday', 'time_from': '11:00', 'time_to': '23:00', 'non_standard': ''}, {'days': 'Wednesday and Thursday', 'time_from': '23:00', 'time_to': '00:00', 'non_standard': ''}, {'days': 'Friday and Saturday', 'time_from': '23:00', 'time_to': '01:00', 'non_standard': ''}, {'days': 'Wednesday and Thursday', 'time_from': '23:00', 'time_to': '00:00', 'non_standard': ''}, {'days': 'Friday and Saturday', 'time_from': '23:00', 'time_to': '01:00', 'non_standard': ''}, {'days': 'Monday and Tuesday', 'time_from': '12:00', 'time_to': '22:30', 'non_standard': ''}, {'days': 'Wednesday and Thursday', 'time_from': '12:00', 'time_to': '23:30', 'non_standard': ''}, {'days': 'Friday', 'time_from': '12:00', 'time_to': '00:30', 'non_standard': ''}, {'days': 'Saturday', 'time_from': '11:00', 'time_to': '00:30', 'non_standard': ''}, {'days': 'Sunday', 'time_from': '11:00', 'time_to': '22:30', 'non_standard': ''}]",[],"{'mandatory': [], 'operational': [], 'post_hearing': [], 'cctv': []}",,,70.0,exact_name + strong_address,2025-11-21T11:46:10.068416
337,Melbourne Inn,"224 Cecil St, Stonehouse, Plymouth PL1 5HP, UK",,621,Melbourne Inn,"224 Cecil Street, Stonehouse, Plymouth, Devon, PL1 5HP",PA0501,https://licensing.plymouth.gov.uk/1/LicensingActPremises/Search/621/Detail?LIC_ID=2240,,,"['a performance of live music', 'any playing of recorded music', 'entertainment of a similar description to that falling within a performance of live music, any playing of recorded music or a performance of dance', 'provision of late night refreshment', 'sale and supply of alcohol']","[{'days': 'Monday to Saturday', 'time_from': '07:00', 'time_to': '02:00', 'non_standard': ''}, {'days': 'Sunday', 'time_from': '07:00', 'time_to': '01:00', 'non_standard': ''}, {'days': 'Non Standard Timings:', 'time_from': '', 'time_to': '', 'non_standard': ''}, {'days': 'Monday to Sunday', 'time_from': '07:00', 'time_to': '00:00', 'non_standard': ''}, {'days': 'Non Standard Timings:', 'time_from': '', 'time_to': '', 'non_standard': ''}, {'days': 'Monday to Saturday', 'time_from': '07:00', 'time_to': '01:00', 'non_standard': ''}, {'days': 'Sunday', 'time_from': '07:00', 'time_to': '00:00', 'non_standard': ''}, {'days': 'Monday to Sunday', 'time_from': '07:00', 'time_to': '00:00', 'non_standard': ''}, {'days': 'Non Standard Timings:', 'time_from': '', 'time_to': '', 'non_standard': ''}, {'days': 'Monday to Saturday', 'time_from': '23:00', 'time_to': '02:00', 'non_standard': ''}, {'days': 'Sunday', 'time_from': '23:00', 'time_to': '01:00', 'non_standard': ''}, {'days': 'Non Standard Timings:', 'time_from': '', 'time_to': '', 'non_standard': ''}, {'days': 'Monday to Saturday', 'time_from': '07:00', 'time_to': '01:00', 'non_standard': ''}, {'days': 'Sunday', 'time_from': '07:00', 'time_to': '00:00', 'non_standard': ''}, {'days': 'Non Standard Timings:', 'time_from': '', 'time_to': '', 'non_standard': ''}]",[],"{'mandatory': [], 'operational': [], 'post_hearing': [], 'cctv': []}",,,70.0,exact_name + strong_address,2025-11-21T10:31:27.671810
339,Minerva Inn,"31 Looe St, Plymouth PL4 0EA, UK",,423,Minerva Inn,"31 Looe Street, Plymouth, Devon, PL4 0EA",PA0349,https://licensing.plymouth.gov.uk/1/LicensingActPremises/Search/423/Detail?LIC_ID=2011,,,"['a performance of live music', 'any playing of recorded music', 'entertainment of a similar description to that falling within a performance of live music, any playing of recorded music or a performance of dance', 'sale and supply of alcohol']","[{'days': 'Monday to Saturday', 'time_from': '11:00', 'time_to': '00:00', 'non_standard': ''}, {'days': 'Sunday', 'time_from': '12:00', 'time_to': '23:00', 'non_standard': ''}, {'days': 'Non Standard Timings:', 'time_from': '', 'time_to': '', 'non_standard': ''}, {'days': 'Monday to Saturday', 'time_from': '16:00', 'time_to': '00:00', 'non_standard': ''}, {'days': 'Sunday', 'time_from': '16:00', 'time_to': '23:00', 'non_standard': ''}, {'days': 'Monday to Saturday', 'time_from': '10:00', 'time_to': '00:00', 'non_standard': ''}, {'days': 'Sunday', 'time_from': '12:00', 'time_to': '23:00', 'non_standard': ''}, {'days': 'Monday to Saturday', 'time_from': '11:00', 'time_to': '00:00', 'non_standard': ''}, {'days': 'Sunday', 'time_from': '12:00', 'time_to': '23:00', 'non_standard': ''}, {'days': 'Monday to Saturday', 'time_from': '11:00', 'time_to': '00:00', 'non_standard': ''}, {'days': 'Sunday', 'time_from': '12:00', 'time_to': '23:00', 'non_standard': ''}, {'days': 'Non Standard Timings:', 'time_from': '', 'time_to': '', 'non_standard': ''}]",[],"{'mandatory': [], 'operational': [], 'post_hearing': [], 'cctv': []}",,,70.0,exact_name + strong_address,2025-11-21T10:33:12.284872
340,Dolphin Hotel,"14 The Barbican, Plymouth PL1 2LS, UK",,454,Dolphin Hotel,"14 The Barbican, Plymouth, Devon, PL1 2LS",PA0375,https://licensing.plymouth.gov.uk/1/LicensingActPremises/Search/454/Detail?LIC_ID=2077,,,"['a performance of live music', 'sale and supply of alcohol', 'any playing of recorded music', 'provision of late night refreshment']","[{'days': 'Monday to Saturday', 'time_from': '09:00', 'time_to': '00:20', 'non_standard': ''}, {'days': 'Sunday', 'time_from': '11:00', 'time_to': '23:20', 'non_standard': ''}, {'days': 'Non Standard Timings:', 'time_from': '', 'time_to': '', 'non_standard': ''}, {'days': 'Monday to Saturday', 'time_from': '09:00', 'time_to': '00:00', 'non_standard': ''}, {'days': 'Sunday', 'time_from': '11:00', 'time_to': '23:00', 'non_standard': ''}, {'days': 'Non Standard Timings:', 'time_from': '', 'time_to': '', 'non_standard': ''}, {'days': 'Monday to Saturday', 'time_from': '09:00', 'time_to': '00:00', 'non_standard': ''}, {'days': 'Sunday', 'time_from': '11:00', 'time_to': '23:00', 'non_standard': ''}, {'days': 'Non Standard Timings:', 'time_from': '', 'time_to': '', 'non_standard': ''}]",[],"{'mandatory': [], 'operational': [], 'post_hearing': [], 'cctv': []}",,,70.0,exact_name + strong_address,2025-11-21T09:43:09.324618
342,The Clarence Plymouth,"31 Clarence Pl, Stonehouse, Plymouth PL1 3JP, UK",,611,Clarence,"31 Clarence Place, Stonehouse, Plymouth, Devon, PL1 3JP",PA0492,https://licensing.plymouth.gov.uk/1/LicensingActPremises/Search/611/Detail?LIC_ID=2244,,,"['an indoor sporting event', 'sale and supply of alcohol', 'a performance of live music', 'entertainment of a similar description to that falling within a performance of live music, any playing of recorded music or a performance of dance', 'any playing of recorded music']","[{'days': 'Monday to Saturday', 'time_from': '10:00', 'time_to': '00:30', 'non_standard': ''}, {'days': 'Sunday', 'time_from': '12:00', 'time_to': '00:00', 'non_standard': ''}, {'days': 'Non Standard Timings:', 'time_from': '', 'time_to': '', 'non_standard': ''}, {'days': 'Monday to Saturday', 'time_from': '20:00', 'time_to': '00:00', 'non_standard': ''}, {'days': 'Sunday', 'time_from': '20:00', 'time_to': '23:30', 'non_standard': ''}, {'days': 'Non Standard Timings:', 'time_from': '', 'time_to': '', 'non_standard': ''}, {'days': 'Monday to Thursday', 'time_from': '12:00', 'time_to': '23:00', 'non_standard': ''}, {'days': 'Friday and Saturday', 'time_from': '12:00', 'time_to': '00:00', 'non_standard': ''}, {'days': 'Sunday', 'time_from': '12:00', 'time_to': '22:00', 'non_standard': ''}, {'days': 'Non Standard Timings:', 'time_from': '', 'time_to': '', 'non_standard': ''}, {'days': 'Monday to Thursday', 'time_from': '10:00', 'time_to': '23:00', 'non_standard': ''}, {'days': 'Friday and Saturday', 'time_from': '10:00', 'time_to': '00:00', 'non_standard': ''}, {'days': 'Non Standard Timings:', 'time_from': '', 'time_to': '', 'non_standard': ''}, {'days': 'Sunday', 'time_from': '10:00', 'time_to': '23:00', 'non_standard': ''}, {'days': 'Monday to Sunday', 'time_from': '10:00', 'time_to': '23:00', 'non_standard': ''}, {'days': 'Non Standard Timings:', 'time_from': '', 'time_to': '', 'non_standard': ''}, {'days': 'Monday to Saturday', 'time_from': '10:00', 'time_to': '00:00', 'non_standard': ''}, {'days': 'Sunday', 'time_from': '12:00', 'time_to': '23:30', 'non_standard': ''}, {'days': 'Non Standard Timings:', 'time_from': '', 'time_to': '', 'non_standard': ''}]",[],"{'mandatory': [], 'operational': [], 'post_hearing': [], 'cctv': []}",,,60.0,similar_name + strong_address,2025-11-21T09:29:20.678669
348,Lord High Admiral,"33 Stonehouse St, Stonehouse, Plymouth PL1 3PE, UK",,619,Lord High Admiral,"33 Stonehouse Street, Stonehouse, Plymouth, Devon, PL1 3PE",PA0500,https://licensing.plymouth.gov.uk/1/LicensingActPremises/Search/619/Detail?LIC_ID=2613,,,"['an indoor sporting event', 'a performance of live music', 'any playing of recorded music', 'sale and supply of alcohol']","[{'days': 'Monday to Saturday', 'time_from': '09:00', 'time_to': '02:30', 'non_standard': ''}, {'days': 'Sunday', 'time_from': '10:00', 'time_to': '00:00', 'non_standard': ''}, {'days': 'Non Standard Timings:', 'time_from': '', 'time_to': '', 'non_standard': ''}, {'days': 'Monday to Saturday', 'time_from': '19:00', 'time_to': '00:00', 'non_standard': ''}, {'days': 'Sunday', 'time_from': '19:00', 'time_to': '23:30', 'non_standard': ''}, {'days': 'Monday to Saturday', 'time_from': '15:00', 'time_to': '00:00', 'non_standard': ''}, {'days': 'Sunday', 'time_from': '15:00', 'time_to': '23:00', 'non_standard': ''}, {'days': 'Monday to Saturday', 'time_from': '09:00', 'time_to': '02:00', 'non_standard': ''}, {'days': 'Sunday', 'time_from': '10:00', 'time_to': '23:30', 'non_standard': ''}, {'days': 'Monday to Saturday', 'time_from': '09:00', 'time_to': '02:00', 'non_standard': ''}, {'days': 'Sunday', 'time_from': '10:00', 'time_to': '23:30', 'non_standard': ''}, {'days': 'Non Standard Timings:', 'time_from': '', 'time_to': '', 'non_standard': ''}]",[],"{'mandatory': [], 'operational': [], 'post_hearing': [], 'cctv': []}",,,70.0,exact_name + strong_address,2025-11-21T10:24:06.062780
349,Admiral MacBride,"1 The Barbican, Plymouth PL1 2LR, UK",,373,Admiral Macbride,"1 The Barbican, Plymouth, Devon, PL1 2LR",,,,,[],[],[],{},,,70.0,exact_name + strong_address,2025-11-21T09:01:15.538410
350,The Maritime Inn,"19 Southside St, Plymouth PL1 2LD, UK",,308,Maritime Inn,"19 Southside Street, The Barbican, Plymouth, Devon, PL1 2LD",PA0256,https://licensing.plymouth.gov.uk/1/LicensingActPremises/Search/308/Detail?LIC_ID=1536,,,"['sale and supply of alcohol', 'provision of late night refreshment', 'a performance of live music']","[{'days': 'Monday to Sunday', 'time_from': '10:00', 'time_to': '01:30', 'non_standard': ''}, {'days': 'Monday to Sunday', 'time_from': '20:00', 'time_to': '23:30', 'non_standard': ''}, {'days': 'Monday to Sunday', 'time_from': '10:00', 'time_to': '01:00', 'non_standard': ''}, {'days': 'Monday to Sunday', 'time_from': '10:00', 'time_to': '01:00', 'non_standard': ''}, {'days': 'Non Standard Timings:', 'time_from': '', 'time_to': '', 'non_standard': ''}]",[],"{'mandatory': [], 'operational': [], 'post_hearing': [], 'cctv': []}",,,62.857142857142854,similar_name + strong_address,2025-11-21T10:28:02.886787
352,Millbridge Inn,"23 Molesworth Rd, Stoke, Plymouth PL1 5LZ, UK",,645,Millbridge Inn,"23 Molesworth Road, Stoke, Plymouth, Devon, PL1 5LZ",PA0520,https://licensing.plymouth.gov.uk/1/LicensingActPremises/Search/645/Detail?LIC_ID=2652,,,"['a performance of live music', 'any playing of recorded music', 'a performance of dance', 'entertainment of a similar description to that falling within a performance of live music, any playing of recorded music or a performance of dance', 'sale and supply of alcohol']","[{'days': 'Monday to Wednesday', 'time_from': '08:00', 'time_to': '00:30', 'non_standard': ''}, {'days': 'Thursday to Saturday', 'time_from': '08:00', 'time_to': '01:30', 'non_standard': ''}, {'days': 'Sunday', 'time_from': '08:00', 'time_to': '00:30', 'non_standard': ''}, {'days': 'Non Standard Timings:', 'time_from': '', 'time_to': '', 'non_standard': ''}, {'days': 'Monday to Thursday', 'time_from': '12:00', 'time_to': '23:00', 'non_standard': ''}, {'days': 'Friday to Sunday', 'time_from': '12:00', 'time_to': '00:00', 'non_standard': ''}, {'days': 'Non Standard Timings:', 'time_from': '', 'time_to': '', 'non_standard': ''}, {'days': 'Monday to Wednesday', 'time_from': '12:00', 'time_to': '00:00', 'non_standard': ''}, {'days': 'Thursday to Saturday', 'time_from': '12:00', 'time_to': '01:00', 'non_standard': ''}, {'days': 'Sunday', 'time_from': '12:00', 'time_to': '00:00', 'non_standard': ''}, {'days': 'Non Standard Timings:', 'time_from': '', 'time_to': '', 'non_standard': ''}, {'days': 'Monday to Wednesday', 'time_from': '12:00', 'time_to': '00:00', 'non_standard': ''}, {'days': 'Thursday to Saturday', 'time_from': '12:00', 'time_to': '01:00', 'non_standard': ''}, {'days': 'Sunday', 'time_from': '12:00', 'time_to': '00:00', 'non_standard': ''}, {'days': 'Non Standard Timings:', 'time_from': '', 'time_to': '', 'non_standard': ''}, {'days': 'Monday to Wednesday', 'time_from': '12:00', 'time_to': '00:00', 'non_standard': ''}, {'days': 'Thursday to Saturday', 'time_from': '12:00', 'time_to': '01:00', 'non_standard': ''}, {'days': 'Sunday', 'time_from': '12:00', 'time_to': '00:00', 'non_standard': ''}, {'days': 'Non Standard Timings:', 'time_from': '', 'time_to': '', 'non_standard': ''}, {'days': 'Monday to Wednesday', 'time_from': '08:00', 'time_to': '00:00', 'non_standard': ''}, {'days': 'Thursday to Saturday', 'time_from': '08:00', 'time_to': '01:00', 'non_standard': ''}, {'days': 'Sunday', 'time_from': '08:00', 'time_to': '00:00', 'non_standard': ''}, {'days': 'Non Standard Timings:', 'time_from': '', 'time_to': '', 'non_standard': ''}]",[],"{'mandatory': [], 'operational': [], 'post_hearing': [], 'cctv': []}",,,70.0,exact_name + strong_address,2025-11-21T10:32:26.308522
353,The Artillery Arms,"6 Pound St, Stonehouse, Plymouth PL1 3RH, UK",,548,Artillery Arms,"6 Pound Street, Stonehouse, Plymouth, Devon, PL1 3RH",PA0450,https://licensing.plymouth.gov.uk/1/LicensingActPremises/Search/548/Detail?LIC_ID=2197,,,"['a performance of live music', 'any playing of recorded music', 'sale and supply of alcohol', 'a performance of dance']","[{'days': 'Monday to Saturday', 'time_from': '09:00', 'time_to': '01:30', 'non_standard': ''}, {'days': 'Sunday', 'time_from': '12:00', 'time_to': '23:30', 'non_standard': ''}, {'days': 'Non Standard Timings:', 'time_from': '', 'time_to': '', 'non_standard': ''}, {'days': 'Monday to Saturday', 'time_from': '12:00', 'time_to': '01:00', 'non_standard': ''}, {'days': 'Sunday', 'time_from': '12:00', 'time_to': '23:00', 'non_standard': ''}, {'days': 'Monday to Saturday', 'time_from': '12:00', 'time_to': '01:00', 'non_standard': ''}, {'days': 'Sunday', 'time_from': '12:00', 'time_to': '23:00', 'non_standard': ''}, {'days': 'Monday to Saturday', 'time_from': '12:00', 'time_to': '01:00', 'non_standard': ''}, {'days': 'Sunday', 'time_from': '12:00', 'time_to': '23:00', 'non_standard': ''}, {'days': 'Monday to Saturday', 'time_from': '10:00', 'time_to': '01:00', 'non_standard': ''}, {'days': 'Sunday', 'time_from': '12:00', 'time_to': '23:00', 'non_standard': ''}, {'days': 'Non Standard Timings:', 'time_from': '', 'time_to': '', 'non_standard': ''}]",[],"{'mandatory': [], 'operational': [], 'post_hearing': [], 'cctv': []}",,,63.75,similar_name + strong_address,2025-11-21T09:06:59.984729
354,The Kings Head,"21 Bretonside, Plymouth PL4 0BB, UK",,306,Kings Head,"21-23 Bretonside, Plymouth, Devon, PL4 0BB",PA0254,https://licensing.plymouth.gov.uk/1/LicensingActPremises/Search/306/Detail?LIC_ID=1537,,,"['sale and supply of alcohol', 'an exhibition of a film', 'an indoor sporting event', 'a performance of live music', 'any playing of recorded music', 'entertainment of a similar description to that falling within a performance of live music, any playing of recorded music or a performance of dance', 'provision of late night refreshment']","[{'days': 'Monday to Sunday', 'time_from': '10:00', 'time_to': '00:30', 'non_standard': ''}, {'days': 'Non Standard Timings:', 'time_from': '', 'time_to': '', 'non_standard': ''}, {'days': 'Monday to Sunday', 'time_from': '10:00', 'time_to': '00:30', 'non_standard': ''}, {'days': 'Non Standard Timings:', 'time_from': '', 'time_to': '', 'non_standard': ''}, {'days': 'Monday to Sunday', 'time_from': '10:00', 'time_to': '00:30', 'non_standard': ''}, {'days': 'Non Standard Timings:', 'time_from': '', 'time_to': '', 'non_standard': ''}, {'days': 'Monday to Sunday', 'time_from': '11:00', 'time_to': '23:00', 'non_standard': ''}, {'days': 'Non Standard Timings:', 'time_from': '', 'time_to': '', 'non_standard': ''}, {'days': 'Monday to Sunday', 'time_from': '10:00', 'time_to': '00:30', 'non_standard': ''}, {'days': 'Non Standard Timings:', 'time_from': '', 'time_to': '', 'non_standard': ''}, {'days': 'Monday to Sunday', 'time_from': '11:00', 'time_to': '23:00', 'non_standard': ''}, {'days': 'Non Standard Timings:', 'time_from': '', 'time_to': '', 'non_standard': ''}, {'days': 'Monday to Sunday', 'time_from': '23:00', 'time_to': '00:00', 'non_standard': ''}, {'days': 'Non Standard Timings:', 'time_from': '', 'time_to': '', 'non_standard': ''}, {'days': 'Monday to Sunday', 'time_from': '10:00', 'time_to': '00:00', 'non_standard': ''}, {'days': 'Non Standard Timings:', 'time_from': '', 'time_to': '', 'non_standard': ''}]",[],"{'mandatory': [], 'operational': [], 'post_hearing': [], 'cctv': []}",,,61.66666666666667,similar_name + strong_address,2025-11-21T10:15:14.391158
355,The West Hoe,"24 Bishops Place, Plymouth PL1 3BW, UK",,425,West Hoe,"24 Bishops Place, West Hoe, Plymouth, Devon, PL1 3BW",PA0351,https://licensing.plymouth.gov.uk/1/LicensingActPremises/Search/425/Detail?LIC_ID=2033,,,"['an exhibition of a film', 'an indoor sporting event', 'a performance of live music', 'any playing of recorded music', 'entertainment of a similar description to that falling within a performance of live music, any playing of recorded music or a performance of dance', 'provision of late night refreshment', 'sale and supply of alcohol']","[{'days': 'Monday to Sunday', 'time_from': '10:00', 'time_to': '00:30', 'non_standard': ''}, {'days': 'Non Standard Timings:', 'time_from': '', 'time_to': '', 'non_standard': ''}, {'days': 'Monday to Sunday', 'time_from': '10:00', 'time_to': '00:30', 'non_standard': ''}, {'days': 'Non Standard Timings:', 'time_from': '', 'time_to': '', 'non_standard': ''}, {'days': 'Monday to Sunday', 'time_from': '10:00', 'time_to': '00:30', 'non_standard': ''}, {'days': 'Non Standard Timings:', 'time_from': '', 'time_to': '', 'non_standard': ''}, {'days': 'Monday to Sunday', 'time_from': '11:00', 'time_to': '23:00', 'non_standard': ''}, {'days': 'Non Standard Timings:', 'time_from': '', 'time_to': '', 'non_standard': ''}, {'days': 'Monday to Sunday', 'time_from': '10:00', 'time_to': '00:30', 'non_standard': ''}, {'days': 'Non Standard Timings:', 'time_from': '', 'time_to': '', 'non_standard': ''}, {'days': 'Monday to Sunday', 'time_from': '11:00', 'time_to': '23:00', 'non_standard': ''}, {'days': 'Non Standard Timings:', 'time_from': '', 'time_to': '', 'non_standard': ''}, {'days': 'Monday to Sunday', 'time_from': '23:00', 'time_to': '00:30', 'non_standard': ''}, {'days': 'Non Standard Timings:', 'time_from': '', 'time_to': '', 'non_standard': ''}, {'days': 'Monday to Sunday', 'time_from': '10:00', 'time_to': '00:00', 'non_standard': ''}, {'days': 'Non Standard Timings:', 'time_from': '', 'time_to': '', 'non_standard': ''}]",[],"{'mandatory': [], 'operational': [], 'post_hearing': [], 'cctv': []}",,,60.0,similar_name + strong_address,2025-11-21T12:41:45.854676
358,The Woodside,"12 Gasking St, Plymouth PL4 8DQ, UK",,378,Woodside,"12 Gaskin Street, Plymouth, Devon, PL4 8DQ",PA0312,https://licensing.plymouth.gov.uk/1/LicensingActPremises/Search/378/Detail?LIC_ID=2020,,,"['an exhibition of a film', 'an indoor sporting event', 'a performance of live music', 'any playing of recorded music', 'sale and supply of alcohol']","[{'days': 'Monday to Wednesday', 'time_from': '08:00', 'time_to': '00:30', 'non_standard': ''}, {'days': 'Thursday to Saturday', 'time_from': '08:00', 'time_to': '01:30', 'non_standard': ''}, {'days': 'Sunday', 'time_from': '08:00', 'time_to': '00:30', 'non_standard': ''}, {'days': 'Non Standard Timings:', 'time_from': '', 'time_to': '', 'non_standard': ''}, {'days': 'Monday to Wednesday', 'time_from': '10:00', 'time_to': '00:00', 'non_standard': ''}, {'days': 'Thursday to Saturday', 'time_from': '10:00', 'time_to': '01:00', 'non_standard': ''}, {'days': 'Sunday', 'time_from': '12:00', 'time_to': '00:00', 'non_standard': ''}, {'days': 'Monday to Thursday', 'time_from': '10:00', 'time_to': '00:00', 'non_standard': ''}, {'days': 'Friday and Saturday', 'time_from': '10:00', 'time_to': '01:00', 'non_standard': ''}, {'days': 'Sunday', 'time_from': '12:00', 'time_to': '00:00', 'non_standard': ''}, {'days': 'Monday to Saturday', 'time_from': '10:00', 'time_to': '00:00', 'non_standard': ''}, {'days': 'Sunday', 'time_from': '12:00', 'time_to': '00:00', 'non_standard': ''}, {'days': 'Monday to Wednesday', 'time_from': '07:30', 'time_to': '00:00', 'non_standard': ''}, {'days': 'Thursday to Saturday', 'time_from': '07:30', 'time_to': '01:00', 'non_standard': ''}, {'days': 'Sunday', 'time_from': '12:00', 'time_to': '00:00', 'non_standard': ''}, {'days': 'Non Standard Timings:', 'time_from': '', 'time_to': '', 'non_standard': ''}, {'days': 'Monday to Wednesday', 'time_from': '10:00', 'time_to': '00:00', 'non_standard': ''}, {'days': 'Thursday to Saturday', 'time_from': '10:00', 'time_to': '01:00', 'non_standard': ''}, {'days': 'Sunday', 'time_from': '12:00', 'time_to': '00:00', 'non_standard': ''}, {'days': 'Non Standard Timings:', 'time_from': '', 'time_to': '', 'non_standard': ''}]",[],"{'mandatory': [], 'operational': [], 'post_hearing': [], 'cctv': []}",,,60.0,similar_name + strong_address,2025-11-21T12:45:30.820162
359,Golden Hind,"260 Mannamead Rd, Plymouth PL3 5RJ, UK",,328,Golden Hind,"260 Mannamead Road, Plymouth, Devon, PL3 5RJ",PA0371,https://licensing.plymouth.gov.uk/1/LicensingActPremises/Search/328/Detail?LIC_ID=2039,,,"['sale and supply of alcohol', 'any playing of recorded music', 'provision of late night refreshment', 'a performance of live music', 'entertainment of a similar description to that falling within a performance of live music, any playing of recorded music or a performance of dance']","[{'days': 'Monday to Thursday', 'time_from': '10:00', 'time_to': '01:00', 'non_standard': ''}, {'days': 'Friday and Saturday', 'time_from': '10:00', 'time_to': '02:00', 'non_standard': ''}, {'days': 'Sunday', 'time_from': '10:00', 'time_to': '00:30', 'non_standard': ''}, {'days': 'Seasonal Variations:', 'time_from': '', 'time_to': '', 'non_standard': ''}, {'days': 'Monday to Saturday', 'time_from': '11:00', 'time_to': '00:00', 'non_standard': ''}, {'days': 'Sunday', 'time_from': '11:00', 'time_to': '23:30', 'non_standard': ''}, {'days': 'Seasonal Variations:', 'time_from': '', 'time_to': '', 'non_standard': ''}, {'days': 'Monday to Thursday', 'time_from': '11:00', 'time_to': '00:00', 'non_standard': ''}, {'days': 'Friday and Saturday', 'time_from': '11:00', 'time_to': '01:00', 'non_standard': ''}, {'days': 'Sunday', 'time_from': '11:00', 'time_to': '23:30', 'non_standard': ''}, {'days': 'Seasonal Variations:', 'time_from': '', 'time_to': '', 'non_standard': ''}, {'days': 'Monday to Saturday', 'time_from': '11:00', 'time_to': '00:00', 'non_standard': ''}, {'days': 'Sunday', 'time_from': '11:00', 'time_to': '23:30', 'non_standard': ''}, {'days': 'Monday to Thursday', 'time_from': '23:00', 'time_to': '01:00', 'non_standard': ''}, {'days': 'Friday and Saturday', 'time_from': '23:00', 'time_to': '02:00', 'non_standard': ''}, {'days': 'Sunday', 'time_from': '23:00', 'time_to': '00:30', 'non_standard': ''}, {'days': 'Seasonal Variations:', 'time_from': '', 'time_to': '', 'non_standard': ''}, {'days': 'Monday to Thursday', 'time_from': '11:00', 'time_to': '00:00', 'non_standard': ''}, {'days': 'Friday and Saturday', 'time_from': '11:00', 'time_to': '01:00', 'non_standard': ''}, {'days': 'Sunday', 'time_from': '11:00', 'time_to': '23:30', 'non_standard': ''}, {'days': 'Seasonal Variations:', 'time_from': '', 'time_to': '', 'non_standard': ''}]",[],"{'mandatory': [], 'operational': [], 'post_hearing': [], 'cctv': []}",,,70.0,exact_name + strong_address,2025-11-21T10:00:37.260498
360,The Firkin Scholar,"Paradise Rd, Stoke, Plymouth PL1 5QU, UK",,515,The Firkin Scholar,"1 Paradise Place, Stoke, Plymouth, Devon, PL1 5QU",PA0420,https://licensing.plymouth.gov.uk/1/LicensingActPremises/Search/515/Detail?LIC_ID=2320,,,"['an indoor sporting event', 'a performance of live music', 'any playing of recorded music', 'sale and supply of alcohol']","[{'days': 'Monday to Saturday', 'time_from': '10:00', 'time_to': '00:30', 'non_standard': ''}, {'days': 'Sunday', 'time_from': '12:00', 'time_to': '00:00', 'non_standard': ''}, {'days': 'Non Standard Timings:', 'time_from': '', 'time_to': '', 'non_standard': ''}, {'days': 'Monday to Saturday', 'time_from': '19:00', 'time_to': '00:00', 'non_standard': ''}, {'days': 'Sunday', 'time_from': '19:00', 'time_to': '23:30', 'non_standard': ''}, {'days': 'Saturday', 'time_from': '20:00', 'time_to': '23:30', 'non_standard': ''}, {'days': 'Monday to Sunday', 'time_from': '19:00', 'time_to': '23:30', 'non_standard': ''}, {'days': 'Monday to Saturday', 'time_from': '10:00', 'time_to': '00:00', 'non_standard': ''}, {'days': 'Sunday', 'time_from': '12:00', 'time_to': '23:30', 'non_standard': ''}, {'days': 'Non Standard Timings:', 'time_from': '', 'time_to': '', 'non_standard': ''}]",[],"{'mandatory': [], 'operational': [], 'post_hearing': [], 'cctv': []}",,,70.0,exact_name + strong_address,2025-11-21T12:29:51.269857
361,Boringdon Arms,"Boringdon Terrace, Turnchapel, Plymouth PL9 9TQ, UK",,377,Boringdon Arms,"Turnchapel, Plymouth, Devon, PL9 9TQ",PA0313,https://licensing.plymouth.gov.uk/1/LicensingActPremises/Search/377/Detail?LIC_ID=1952,,,"['an indoor sporting event', 'a performance of live music', 'any playing of recorded music', 'sale and supply of alcohol']","[{'days': 'Monday to Wednesday', 'time_from': '07:30', 'time_to': '00:30', 'non_standard': ''}, {'days': 'Thursday to Saturday', 'time_from': '07:30', 'time_to': '01:30', 'non_standard': ''}, {'days': 'Sunday', 'time_from': '07:30', 'time_to': '00:00', 'non_standard': ''}, {'days': 'Non Standard Timings:', 'time_from': '', 'time_to': '', 'non_standard': ''}, {'days': 'Monday to Wednesday', 'time_from': '10:00', 'time_to': '00:00', 'non_standard': ''}, {'days': 'Thursday to Saturday', 'time_from': '10:00', 'time_to': '01:00', 'non_standard': ''}, {'days': 'Sunday', 'time_from': '12:00', 'time_to': '23:30', 'non_standard': ''}, {'days': 'Non Standard Timings:', 'time_from': '', 'time_to': '', 'non_standard': ''}, {'days': 'Monday to Saturday', 'time_from': '10:00', 'time_to': '00:00', 'non_standard': ''}, {'days': 'Sunday', 'time_from': '12:00', 'time_to': '23:30', 'non_standard': ''}, {'days': 'Non Standard Timings:', 'time_from': '', 'time_to': '', 'non_standard': ''}, {'days': 'Monday to Saturday', 'time_from': '07:30', 'time_to': '00:00', 'non_standard': ''}, {'days': 'Sunday', 'time_from': '07:30', 'time_to': '23:30', 'non_standard': ''}, {'days': 'Non Standard Timings:', 'time_from': '', 'time_to': '', 'non_standard': ''}, {'days': 'Monday to Wednesday', 'time_from': '10:00', 'time_to': '00:00', 'non_standard': ''}, {'days': 'Thursday to Saturday', 'time_from': '10:00', 'time_to': '01:00', 'non_standard': ''}, {'days': 'Sunday', 'time_from': '12:00', 'time_to': '23:30', 'non_standard': ''}, {'days': 'Non Standard Timings:', 'time_from': '', 'time_to': '', 'non_standard': ''}]",[],"{'mandatory': [], 'operational': [], 'post_hearing': [], 'cctv': []}",,,70.0,exact_name + strong_address,2025-11-21T09:17:30.767098
363,Stoke Inn,"43 Devonport Rd, Stoke, Plymouth PL3 4DL, UK",,400,Stoke Inn,"43 Devonport Road, Stoke, Plymouth, Devon, PL3 4DL",PA0331,https://licensing.plymouth.gov.uk/1/LicensingActPremises/Search/400/Detail?LIC_ID=1996,,,"['an indoor sporting event', 'a performance of live music', 'any playing of recorded music', 'sale and supply of alcohol']","[{'days': 'Monday to Wednesday', 'time_from': '08:00', 'time_to': '00:30', 'non_standard': ''}, {'days': 'Thursday to Saturday', 'time_from': '08:00', 'time_to': '01:30', 'non_standard': ''}, {'days': 'Sunday', 'time_from': '12:00', 'time_to': '00:00', 'non_standard': ''}, {'days': 'Non Standard Timings:', 'time_from': '', 'time_to': '', 'non_standard': ''}, {'days': 'Monday to Wednesday', 'time_from': '10:00', 'time_to': '00:00', 'non_standard': ''}, {'days': 'Thursday to Saturday', 'time_from': '10:00', 'time_to': '01:00', 'non_standard': ''}, {'days': 'Sunday', 'time_from': '12:00', 'time_to': '23:30', 'non_standard': ''}, {'days': 'Non Standard Timings:', 'time_from': '', 'time_to': '', 'non_standard': ''}, {'days': 'Monday to Wednesday', 'time_from': '10:00', 'time_to': '00:00', 'non_standard': ''}, {'days': 'Thursday to Saturday', 'time_from': '10:00', 'time_to': '01:00', 'non_standard': ''}, {'days': 'Sunday', 'time_from': '12:00', 'time_to': '23:30', 'non_standard': ''}, {'days': 'Non Standard Timings:', 'time_from': '', 'time_to': '', 'non_standard': ''}, {'days': 'Monday to Wednesday', 'time_from': '08:00', 'time_to': '00:00', 'non_standard': ''}, {'days': 'Thursday to Saturday', 'time_from': '08:00', 'time_to': '01:00', 'non_standard': ''}, {'days': 'Sunday', 'time_from': '12:00', 'time_to': '23:30', 'non_standard': ''}, {'days': 'Non Standard Timings:', 'time_from': '', 'time_to': '', 'non_standard': ''}, {'days': 'Monday to Wednesday', 'time_from': '10:00', 'time_to': '00:00', 'non_standard': ''}, {'days': 'Thursday to Saturday', 'time_from': '10:00', 'time_to': '01:00', 'non_standard': ''}, {'days': 'Sunday', 'time_from': '12:00', 'time_to': '23:30', 'non_standard': ''}, {'days': 'Non Standard Timings:', 'time_from': '', 'time_to': '', 'non_standard': ''}]",[],"{'mandatory': [], 'operational': [], 'post_hearing': [], 'cctv': []}",,,70.0,exact_name + strong_address,2025-11-21T11:51:54.914748
364,The London Inn,"8 Church Rd, Plympton, Plymouth PL7 1NH, UK",,453,London Inn,"8 Church Road, Plympton St Maurice, Plymouth, Devon, PL7 1BH",PA0758,https://licensing.plymouth.gov.uk/1/LicensingActPremises/Search/453/Detail?LIC_ID=6533,,,"['an indoor sporting event', 'a performance of live music', 'any playing of recorded music', 'sale and supply of alcohol']","[{'days': 'Monday to Sunday', 'time_from': '11:00', 'time_to': '00:30', 'non_standard': ''}, {'days': 'Non Standard Timings:', 'time_from': '', 'time_to': '', 'non_standard': ''}, {'days': 'Monday to Sunday', 'time_from': '11:00', 'time_to': '00:00', 'non_standard': ''}, {'days': 'Non Standard Timings:', 'time_from': '', 'time_to': '', 'non_standard': ''}, {'days': 'Monday to Sunday', 'time_from': '11:00', 'time_to': '23:00', 'non_standard': ''}, {'days': 'Non Standard Timings:', 'time_from': '', 'time_to': '', 'non_standard': ''}, {'days': 'Monday to Sunday', 'time_from': '11:00', 'time_to': '00:00', 'non_standard': ''}, {'days': 'Non Standard Timings:', 'time_from': '', 'time_to': '', 'non_standard': ''}, {'days': 'Monday to Sunday', 'time_from': '11:00', 'time_to': '00:00', 'non_standard': ''}, {'days': 'Non Standard Timings:', 'time_from': '', 'time_to': '', 'non_standard': ''}]",[],"{'mandatory': [], 'operational': [], 'post_hearing': [], 'cctv': []}",,,61.66666666666667,similar_name + strong_address,2025-11-21T10:23:46.776365
